customer_id,first_name,last_name,email,gender,birth_date,age_band,city,country,signup_date,acquisition_channel,is_loyalty_member
12347,Customer,12347,cust12347@anonymised.invalid,,,Unknown,Iceland,Iceland,2010-10-31,Online Export,1
12348,Customer,12348,cust12348@anonymised.invalid,,,Unknown,Finland,Finland,2010-09-27,Online Export,1
12349,Customer,12349,cust12349@anonymised.invalid,,,Unknown,Italy,Italy,2009-12-04,Online Export,1
12350,Customer,12350,cust12350@anonymised.invalid,,,Unknown,Norway,Norway,2011-02-02,Online Export,0
12351,Customer,12351,cust12351@anonymised.invalid,,,Unknown,Unspecified,Unspecified,2010-11-29,Online Export,0
12352,Customer,12352,cust12352@anonymised.invalid,,,Unknown,Norway,Norway,2010-11-12,Online Export,1
12353,Customer,12353,cust12353@anonymised.invalid,,,Unknown,Bahrain,Bahrain,2010-10-27,Online Export,0
12354,Customer,12354,cust12354@anonymised.invalid,,,Unknown,Spain,Spain,2011-04-21,Online Export,0
12355,Customer,12355,cust12355@anonymised.invalid,,,Unknown,Bahrain,Bahrain,2010-05-21,Online Export,0
12356,Customer,12356,cust12356@anonymised.invalid,,,Unknown,Portugal,Portugal,2010-10-11,Online Export,1
12357,Customer,12357,cust12357@anonymised.invalid,,,Unknown,Switzerland,Switzerland,2010-11-16,Online Export,0
12358,Customer,12358,cust12358@anonymised.invalid,,,Unknown,Austria,Austria,2009-12-08,Online Export,1
12359,Customer,12359,cust12359@anonymised.invalid,,,Unknown,Cyprus,Cyprus,2009-12-05,Online Export,1
12360,Customer,12360,cust12360@anonymised.invalid,,,Unknown,Austria,Austria,2010-02-22,Online Export,1
12361,Customer,12361,cust12361@anonymised.invalid,,,Unknown,Belgium,Belgium,2010-01-26,Online Export,1
12362,Customer,12362,cust12362@anonymised.invalid,,,Unknown,Belgium,Belgium,2011-02-17,Online Export,1
12363,Customer,12363,cust12363@anonymised.invalid,,,Unknown,Unspecified,Unspecified,2011-04-11,Online Export,0
12364,Customer,12364,cust12364@anonymised.invalid,,,Unknown,Belgium,Belgium,2011-08-19,Online Export,1
12365,Customer,12365,cust12365@anonymised.invalid,,,Unknown,Cyprus,Cyprus,2011-02-21,Online Export,0
12366,Customer,12366,cust12366@anonymised.invalid,,,Unknown,Cyprus,Cyprus,2010-03-16,Online Export,0
12368,Customer,12368,cust12368@anonymised.invalid,,,Unknown,Cyprus,Cyprus,2010-03-21,Online Export,0
12369,Customer,12369,cust12369@anonymised.invalid,,,Unknown,Austria,Austria,2010-03-08,Online Export,1
12370,Customer,12370,cust12370@anonymised.invalid,,,Unknown,Cyprus,Cyprus,2010-02-09,Online Export,1
12371,Customer,12371,cust12371@anonymised.invalid,,,Unknown,Switzerland,Switzerland,2010-03-04,Online Export,1
12372,Customer,12372,cust12372@anonymised.invalid,,,Unknown,Denmark,Denmark,2011-02-16,Online Export,1
12373,Customer,12373,cust12373@anonymised.invalid,,,Unknown,Austria,Austria,2010-02-04,Online Export,1
12374,Customer,12374,cust12374@anonymised.invalid,,,Unknown,Austria,Austria,2010-04-30,Online Export,1
12375,Customer,12375,cust12375@anonymised.invalid,,,Unknown,Finland,Finland,2011-09-02,Online Export,0
12376,Customer,12376,cust12376@anonymised.invalid,,,Unknown,Switzerland,Switzerland,2010-10-18,Online Export,0
12377,Customer,12377,cust12377@anonymised.invalid,,,Unknown,Switzerland,Switzerland,2010-04-29,Online Export,1
12378,Customer,12378,cust12378@anonymised.invalid,,,Unknown,Switzerland,Switzerland,2010-05-26,Online Export,0
12379,Customer,12379,cust12379@anonymised.invalid,,,Unknown,Belgium,Belgium,2010-06-23,Online Export,1
12380,Customer,12380,cust12380@anonymised.invalid,,,Unknown,Belgium,Belgium,2010-02-15,Online Export,1
12381,Customer,12381,cust12381@anonymised.invalid,,,Unknown,Norway,Norway,2011-08-12,Online Export,0
12383,Customer,12383,cust12383@anonymised.invalid,,,Unknown,Belgium,Belgium,2010-12-22,Online Export,1
12384,Customer,12384,cust12384@anonymised.invalid,,,Unknown,Switzerland,Switzerland,2011-08-10,Online Export,0
12385,Customer,12385,cust12385@anonymised.invalid,,,Unknown,Belgium,Belgium,2010-11-25,Online Export,0
12386,Customer,12386,cust12386@anonymised.invalid,,,Unknown,Australia,Australia,2010-12-08,Online Export,0
12387,Customer,12387,cust12387@anonymised.invalid,,,Unknown,Australia,Australia,2010-10-20,Online Export,0
12388,Customer,12388,cust12388@anonymised.invalid,,,Unknown,Australia,Australia,2010-05-06,Online Export,1
12389,Customer,12389,cust12389@anonymised.invalid,,,Unknown,Australia,Australia,2010-02-22,Online Export,1
12390,Customer,12390,cust12390@anonymised.invalid,,,Unknown,Belgium,Belgium,2011-09-21,Online Export,0
12391,Customer,12391,cust12391@anonymised.invalid,,,Unknown,Cyprus,Cyprus,2010-02-15,Online Export,1
12392,Customer,12392,cust12392@anonymised.invalid,,,Unknown,Australia,Australia,2010-04-27,Online Export,0
12393,Customer,12393,cust12393@anonymised.invalid,,,Unknown,Australia,Australia,2010-10-07,Online Export,1
12394,Customer,12394,cust12394@anonymised.invalid,,,Unknown,Belgium,Belgium,2011-05-06,Online Export,0
12395,Customer,12395,cust12395@anonymised.invalid,,,Unknown,Belgium,Belgium,2010-04-16,Online Export,1
12396,Customer,12396,cust12396@anonymised.invalid,,,Unknown,RSA,RSA,2010-02-03,Online Export,0
12397,Customer,12397,cust12397@anonymised.invalid,,,Unknown,Belgium,Belgium,2011-07-27,Online Export,0
12398,Customer,12398,cust12398@anonymised.invalid,,,Unknown,Switzerland,Switzerland,2011-10-25,Online Export,0
12399,Customer,12399,cust12399@anonymised.invalid,,,Unknown,Belgium,Belgium,2010-03-05,Online Export,1
12400,Customer,12400,cust12400@anonymised.invalid,,,Unknown,Australia,Australia,2010-10-21,Online Export,0
12401,Customer,12401,cust12401@anonymised.invalid,,,Unknown,Belgium,Belgium,2011-02-09,Online Export,0
12402,Customer,12402,cust12402@anonymised.invalid,,,Unknown,Belgium,Belgium,2010-02-07,Online Export,1
12403,Customer,12403,cust12403@anonymised.invalid,,,Unknown,Denmark,Denmark,2010-07-06,Online Export,0
12405,Customer,12405,cust12405@anonymised.invalid,,,Unknown,Finland,Finland,2011-07-14,Online Export,0
12406,Customer,12406,cust12406@anonymised.invalid,,,Unknown,Denmark,Denmark,2010-01-11,Online Export,1
12407,Customer,12407,cust12407@anonymised.invalid,,,Unknown,Belgium,Belgium,2011-03-20,Online Export,1
12408,Customer,12408,cust12408@anonymised.invalid,,,Unknown,Belgium,Belgium,2010-07-29,Online Export,1
12409,Customer,12409,cust12409@anonymised.invalid,,,Unknown,Switzerland,Switzerland,2010-05-23,Online Export,1
12410,Customer,12410,cust12410@anonymised.invalid,,,Unknown,Switzerland,Switzerland,2010-07-25,Online Export,1
12411,Customer,12411,cust12411@anonymised.invalid,,,Unknown,Australia,Australia,2010-10-26,Online Export,0
12412,Customer,12412,cust12412@anonymised.invalid,,,Unknown,Denmark,Denmark,2010-06-18,Online Export,1
12413,Customer,12413,cust12413@anonymised.invalid,,,Unknown,France,France,2010-11-02,Online Export,1
12414,Customer,12414,cust12414@anonymised.invalid,,,Unknown,Austria,Austria,2010-09-02,Online Export,1
12415,Customer,12415,cust12415@anonymised.invalid,,,Unknown,Australia,Australia,2010-06-30,Online Export,1
12416,Customer,12416,cust12416@anonymised.invalid,,,Unknown,Australia,Australia,2010-02-21,Online Export,0
12417,Customer,12417,cust12417@anonymised.invalid,,,Unknown,Belgium,Belgium,2009-12-06,Online Export,1
12418,Customer,12418,cust12418@anonymised.invalid,,,Unknown,Switzerland,Switzerland,2010-03-19,Online Export,1
12419,Customer,12419,cust12419@anonymised.invalid,,,Unknown,Spain,Spain,2010-10-22,Online Export,0
12420,Customer,12420,cust12420@anonymised.invalid,,,Unknown,Cyprus,Cyprus,2011-10-07,Online Export,0
12421,Customer,12421,cust12421@anonymised.invalid,,,Unknown,Spain,Spain,2010-07-22,Online Export,1
12422,Customer,12422,cust12422@anonymised.invalid,,,Unknown,Switzerland,Switzerland,2009-12-18,Online Export,1
12423,Customer,12423,cust12423@anonymised.invalid,,,Unknown,Belgium,Belgium,2010-08-31,Online Export,1
12424,Customer,12424,cust12424@anonymised.invalid,,,Unknown,Australia,Australia,2009-12-07,Online Export,1
12425,Customer,12425,cust12425@anonymised.invalid,,,Unknown,Portugal,Portugal,2010-09-17,Online Export,0
12426,Customer,12426,cust12426@anonymised.invalid,,,Unknown,Germany,Germany,2010-02-15,Online Export,0
12427,Customer,12427,cust12427@anonymised.invalid,,,Unknown,Germany,Germany,2010-12-03,Online Export,1
12428,Customer,12428,cust12428@anonymised.invalid,,,Unknown,Finland,Finland,2011-03-01,Online Export,1
12429,Customer,12429,cust12429@anonymised.invalid,,,Unknown,Denmark,Denmark,2010-06-11,Online Export,1
12430,Customer,12430,cust12430@anonymised.invalid,,,Unknown,Norway,Norway,2011-10-27,Online Export,0
12431,Customer,12431,cust12431@anonymised.invalid,,,Unknown,Australia,Australia,2010-01-15,Online Export,1
12432,Customer,12432,cust12432@anonymised.invalid,,,Unknown,Norway,Norway,2011-06-20,Online Export,1
12433,Customer,12433,cust12433@anonymised.invalid,,,Unknown,Norway,Norway,2010-08-20,Online Export,1
12434,Customer,12434,cust12434@anonymised.invalid,,,Unknown,Australia,Australia,2010-11-23,Online Export,1
12435,Customer,12435,cust12435@anonymised.invalid,,,Unknown,Denmark,Denmark,2009-12-02,Online Export,1
12436,Customer,12436,cust12436@anonymised.invalid,,,Unknown,Norway,Norway,2011-09-01,Online Export,0
12437,Customer,12437,cust12437@anonymised.invalid,,,Unknown,France,France,2009-12-02,Online Export,1
12438,Customer,12438,cust12438@anonymised.invalid,,,Unknown,Norway,Norway,2011-07-22,Online Export,0
12439,Customer,12439,cust12439@anonymised.invalid,,,Unknown,Cyprus,Cyprus,2009-12-14,Online Export,0
12440,Customer,12440,cust12440@anonymised.invalid,,,Unknown,Austria,Austria,2009-12-22,Online Export,0
12441,Customer,12441,cust12441@anonymised.invalid,,,Unknown,France,France,2010-12-08,Online Export,0
12443,Customer,12443,cust12443@anonymised.invalid,,,Unknown,Norway,Norway,2009-12-07,Online Export,0
12444,Customer,12444,cust12444@anonymised.invalid,,,Unknown,Norway,Norway,2011-06-21,Online Export,1
12445,Customer,12445,cust12445@anonymised.invalid,,,Unknown,Spain,Spain,2010-10-15,Online Export,0
12446,Customer,12446,cust12446@anonymised.invalid,,,Unknown,RSA,RSA,2011-10-13,Online Export,0
12447,Customer,12447,cust12447@anonymised.invalid,,,Unknown,Belgium,Belgium,2011-04-10,Online Export,0
12448,Customer,12448,cust12448@anonymised.invalid,,,Unknown,Spain,Spain,2011-10-26,Online Export,0
12449,Customer,12449,cust12449@anonymised.invalid,,,Unknown,Belgium,Belgium,2010-09-27,Online Export,1
12450,Customer,12450,cust12450@anonymised.invalid,,,Unknown,Spain,Spain,2010-08-22,Online Export,1
12451,Customer,12451,cust12451@anonymised.invalid,,,Unknown,Switzerland,Switzerland,2010-06-28,Online Export,1
12452,Customer,12452,cust12452@anonymised.invalid,,,Unknown,Switzerland,Switzerland,2011-11-23,Online Export,0
12453,Customer,12453,cust12453@anonymised.invalid,,,Unknown,Austria,Austria,2011-07-28,Online Export,0
12454,Customer,12454,cust12454@anonymised.invalid,,,Unknown,Spain,Spain,2010-10-14,Online Export,1
12455,Customer,12455,cust12455@anonymised.invalid,,,Unknown,Cyprus,Cyprus,2009-12-18,Online Export,1
12456,Customer,12456,cust12456@anonymised.invalid,,,Unknown,Switzerland,Switzerland,2011-03-30,Online Export,1
12457,Customer,12457,cust12457@anonymised.invalid,,,Unknown,Switzerland,Switzerland,2010-09-30,Online Export,1
12458,Customer,12458,cust12458@anonymised.invalid,,,Unknown,Switzerland,Switzerland,2010-08-09,Online Export,1
12459,Customer,12459,cust12459@anonymised.invalid,,,Unknown,Spain,Spain,2010-04-13,Online Export,0
12460,Customer,12460,cust12460@anonymised.invalid,,,Unknown,Belgium,Belgium,2010-09-09,Online Export,0
12461,Customer,12461,cust12461@anonymised.invalid,,,Unknown,Switzerland,Switzerland,2011-07-08,Online Export,0
12462,Customer,12462,cust12462@anonymised.invalid,,,Unknown,Spain,Spain,2011-02-09,Online Export,0
12463,Customer,12463,cust12463@anonymised.invalid,,,Unknown,Belgium,Belgium,2011-04-12,Online Export,1
12464,Customer,12464,cust12464@anonymised.invalid,,,Unknown,Belgium,Belgium,2011-02-03,Online Export,1
12465,Customer,12465,cust12465@anonymised.invalid,,,Unknown,Belgium,Belgium,2011-06-23,Online Export,0
12467,Customer,12467,cust12467@anonymised.invalid,,,Unknown,USA,USA,2010-10-12,Online Export,0
12468,Customer,12468,cust12468@anonymised.invalid,,,Unknown,Germany,Germany,2010-01-19,Online Export,1
12469,Customer,12469,cust12469@anonymised.invalid,,,Unknown,Thailand,Thailand,2010-06-21,Online Export,0
12470,Customer,12470,cust12470@anonymised.invalid,,,Unknown,Unspecified,Unspecified,2010-01-19,Online Export,0
12471,Customer,12471,cust12471@anonymised.invalid,,,Unknown,Germany,Germany,2009-12-02,Online Export,1
12472,Customer,12472,cust12472@anonymised.invalid,,,Unknown,Germany,Germany,2009-12-09,Online Export,1
12473,Customer,12473,cust12473@anonymised.invalid,,,Unknown,Germany,Germany,2011-06-01,Online Export,1
12474,Customer,12474,cust12474@anonymised.invalid,,,Unknown,Germany,Germany,2010-02-11,Online Export,1
12475,Customer,12475,cust12475@anonymised.invalid,,,Unknown,Germany,Germany,2010-10-26,Online Export,0
12476,Customer,12476,cust12476@anonymised.invalid,,,Unknown,Germany,Germany,2010-07-26,Online Export,1
12477,Customer,12477,cust12477@anonymised.invalid,,,Unknown,Germany,Germany,2010-03-26,Online Export,1
12479,Customer,12479,cust12479@anonymised.invalid,,,Unknown,Germany,Germany,2011-11-28,Online Export,0
12480,Customer,12480,cust12480@anonymised.invalid,,,Unknown,Germany,Germany,2010-07-20,Online Export,1
12481,Customer,12481,cust12481@anonymised.invalid,,,Unknown,Germany,Germany,2010-04-11,Online Export,1
12482,Customer,12482,cust12482@anonymised.invalid,,,Unknown,Sweden,Sweden,2010-02-24,Online Export,1
12483,Customer,12483,cust12483@anonymised.invalid,,,Unknown,Sweden,Sweden,2010-01-31,Online Export,1
12484,Customer,12484,cust12484@anonymised.invalid,,,Unknown,Spain,Spain,2009-12-03,Online Export,1
12485,Customer,12485,cust12485@anonymised.invalid,,,Unknown,Sweden,Sweden,2010-06-28,Online Export,0
12486,Customer,12486,cust12486@anonymised.invalid,,,Unknown,Sweden,Sweden,2010-10-04,Online Export,0
12487,Customer,12487,cust12487@anonymised.invalid,,,Unknown,Sweden,Sweden,2009-12-09,Online Export,0
12488,Customer,12488,cust12488@anonymised.invalid,,,Unknown,France,France,2011-09-25,Online Export,1
12489,Customer,12489,cust12489@anonymised.invalid,,,Unknown,France,France,2011-01-07,Online Export,0
12490,Customer,12490,cust12490@anonymised.invalid,,,Unknown,France,France,2009-12-01,Online Export,1
12491,Customer,12491,cust12491@anonymised.invalid,,,Unknown,France,France,2011-11-01,Online Export,0
12492,Customer,12492,cust12492@anonymised.invalid,,,Unknown,Germany,Germany,2010-11-01,Online Export,1
12493,Customer,12493,cust12493@anonymised.invalid,,,Unknown,France,France,2011-05-26,Online Export,0
12494,Customer,12494,cust12494@anonymised.invalid,,,Unknown,France,France,2010-05-12,Online Export,1
12495,Customer,12495,cust12495@anonymised.invalid,,,Unknown,Sweden,Sweden,2010-03-09,Online Export,0
12496,Customer,12496,cust12496@anonymised.invalid,,,Unknown,Spain,Spain,2010-03-29,Online Export,0
12497,Customer,12497,cust12497@anonymised.invalid,,,Unknown,Germany,Germany,2010-03-05,Online Export,1
12498,Customer,12498,cust12498@anonymised.invalid,,,Unknown,Germany,Germany,2011-10-13,Online Export,1
12499,Customer,12499,cust12499@anonymised.invalid,,,Unknown,Germany,Germany,2010-05-28,Online Export,0
12500,Customer,12500,cust12500@anonymised.invalid,,,Unknown,Germany,Germany,2010-02-04,Online Export,1
12501,Customer,12501,cust12501@anonymised.invalid,,,Unknown,Germany,Germany,2011-01-07,Online Export,0
12502,Customer,12502,cust12502@anonymised.invalid,,,Unknown,Spain,Spain,2011-02-03,Online Export,1
12503,Customer,12503,cust12503@anonymised.invalid,,,Unknown,Spain,Spain,2010-05-04,Online Export,0
12504,Customer,12504,cust12504@anonymised.invalid,,,Unknown,Germany,Germany,2010-04-22,Online Export,1
12505,Customer,12505,cust12505@anonymised.invalid,,,Unknown,Italy,Italy,2010-10-27,Online Export,0
12506,Customer,12506,cust12506@anonymised.invalid,,,Unknown,France,France,2011-04-21,Online Export,0
12507,Customer,12507,cust12507@anonymised.invalid,,,Unknown,Spain,Spain,2010-05-04,Online Export,1
12508,Customer,12508,cust12508@anonymised.invalid,,,Unknown,France,France,2011-11-10,Online Export,0
12509,Customer,12509,cust12509@anonymised.invalid,,,Unknown,France,France,2011-02-28,Online Export,0
12510,Customer,12510,cust12510@anonymised.invalid,,,Unknown,Spain,Spain,2009-12-04,Online Export,1
12511,Customer,12511,cust12511@anonymised.invalid,,,Unknown,Greece,Greece,2010-10-07,Online Export,0
12512,Customer,12512,cust12512@anonymised.invalid,,,Unknown,Israel,Israel,2011-10-04,Online Export,0
12513,Customer,12513,cust12513@anonymised.invalid,,,Unknown,France,France,2011-08-19,Online Export,0
12514,Customer,12514,cust12514@anonymised.invalid,,,Unknown,Italy,Italy,2010-03-08,Online Export,0
12515,Customer,12515,cust12515@anonymised.invalid,,,Unknown,Italy,Italy,2010-12-21,Online Export,0
12516,Customer,12516,cust12516@anonymised.invalid,,,Unknown,Germany,Germany,2010-04-19,Online Export,1
12517,Customer,12517,cust12517@anonymised.invalid,,,Unknown,Germany,Germany,2011-06-02,Online Export,1
12518,Customer,12518,cust12518@anonymised.invalid,,,Unknown,Germany,Germany,2011-08-21,Online Export,1
12519,Customer,12519,cust12519@anonymised.invalid,,,Unknown,Germany,Germany,2010-08-20,Online Export,0
12520,Customer,12520,cust12520@anonymised.invalid,,,Unknown,Germany,Germany,2011-03-11,Online Export,1
12521,Customer,12521,cust12521@anonymised.invalid,,,Unknown,Germany,Germany,2011-07-20,Online Export,0
12522,Customer,12522,cust12522@anonymised.invalid,,,Unknown,Germany,Germany,2011-10-19,Online Export,0
12523,Customer,12523,cust12523@anonymised.invalid,,,Unknown,France,France,2009-12-02,Online Export,1
12524,Customer,12524,cust12524@anonymised.invalid,,,Unknown,Germany,Germany,2010-02-08,Online Export,1
12525,Customer,12525,cust12525@anonymised.invalid,,,Unknown,France,France,2009-12-04,Online Export,1
12526,Customer,12526,cust12526@anonymised.invalid,,,Unknown,Germany,Germany,2011-09-06,Online Export,0
12527,Customer,12527,cust12527@anonymised.invalid,,,Unknown,Germany,Germany,2010-06-28,Online Export,1
12528,Customer,12528,cust12528@anonymised.invalid,,,Unknown,Germany,Germany,2011-01-31,Online Export,1
12529,Customer,12529,cust12529@anonymised.invalid,,,Unknown,France,France,2010-06-29,Online Export,0
12530,Customer,12530,cust12530@anonymised.invalid,,,Unknown,Germany,Germany,2010-03-07,Online Export,1
12531,Customer,12531,cust12531@anonymised.invalid,,,Unknown,Germany,Germany,2010-01-22,Online Export,0
12532,Customer,12532,cust12532@anonymised.invalid,,,Unknown,France,France,2011-11-09,Online Export,0
12533,Customer,12533,cust12533@anonymised.invalid,,,Unknown,Germany,Germany,2009-12-01,Online Export,0
12534,Customer,12534,cust12534@anonymised.invalid,,,Unknown,Germany,Germany,2011-08-01,Online Export,0
12535,Customer,12535,cust12535@anonymised.invalid,,,Unknown,France,France,2011-06-06,Online Export,0
12536,Customer,12536,cust12536@anonymised.invalid,,,Unknown,France,France,2011-10-11,Online Export,0
12537,Customer,12537,cust12537@anonymised.invalid,,,Unknown,Sweden,Sweden,2010-10-27,Online Export,0
12538,Customer,12538,cust12538@anonymised.invalid,,,Unknown,Spain,Spain,2010-11-26,Online Export,0
12539,Customer,12539,cust12539@anonymised.invalid,,,Unknown,Spain,Spain,2009-12-23,Online Export,1
12540,Customer,12540,cust12540@anonymised.invalid,,,Unknown,Spain,Spain,2009-12-07,Online Export,1
12541,Customer,12541,cust12541@anonymised.invalid,,,Unknown,Spain,Spain,2011-03-04,Online Export,1
12542,Customer,12542,cust12542@anonymised.invalid,,,Unknown,Spain,Spain,2010-03-09,Online Export,0
12543,Customer,12543,cust12543@anonymised.invalid,,,Unknown,Spain,Spain,2010-09-17,Online Export,0
12544,Customer,12544,cust12544@anonymised.invalid,,,Unknown,Spain,Spain,2011-11-03,Online Export,0
12545,Customer,12545,cust12545@anonymised.invalid,,,Unknown,Spain,Spain,2011-03-25,Online Export,0
12546,Customer,12546,cust12546@anonymised.invalid,,,Unknown,Spain,Spain,2011-09-23,Online Export,0
12547,Customer,12547,cust12547@anonymised.invalid,,,Unknown,Spain,Spain,2010-07-27,Online Export,1
12548,Customer,12548,cust12548@anonymised.invalid,,,Unknown,Spain,Spain,2011-06-26,Online Export,0
12549,Customer,12549,cust12549@anonymised.invalid,,,Unknown,USA,USA,2010-01-11,Online Export,1
12550,Customer,12550,cust12550@anonymised.invalid,,,Unknown,Spain,Spain,2011-09-21,Online Export,0
12551,Customer,12551,cust12551@anonymised.invalid,,,Unknown,Spain,Spain,2010-12-17,Online Export,0
12552,Customer,12552,cust12552@anonymised.invalid,,,Unknown,Italy,Italy,2011-10-31,Online Export,0
12553,Customer,12553,cust12553@anonymised.invalid,,,Unknown,France,France,2010-10-12,Online Export,1
12554,Customer,12554,cust12554@anonymised.invalid,,,Unknown,Spain,Spain,2010-09-17,Online Export,0
12556,Customer,12556,cust12556@anonymised.invalid,,,Unknown,Spain,Spain,2011-07-11,Online Export,0
12557,Customer,12557,cust12557@anonymised.invalid,,,Unknown,Spain,Spain,2009-12-17,Online Export,1
12559,Customer,12559,cust12559@anonymised.invalid,,,Unknown,Germany,Germany,2011-01-24,Online Export,0
12560,Customer,12560,cust12560@anonymised.invalid,,,Unknown,Germany,Germany,2011-07-19,Online Export,0
12561,Customer,12561,cust12561@anonymised.invalid,,,Unknown,Germany,Germany,2011-02-10,Online Export,0
12562,Customer,12562,cust12562@anonymised.invalid,,,Unknown,France,France,2010-09-30,Online Export,1
12563,Customer,12563,cust12563@anonymised.invalid,,,Unknown,Italy,Italy,2010-10-27,Online Export,0
12564,Customer,12564,cust12564@anonymised.invalid,,,Unknown,France,France,2011-03-23,Online Export,0
12565,Customer,12565,cust12565@anonymised.invalid,,,Unknown,Saudi Arabia,Saudi Arabia,2011-02-24,Online Export,0
12566,Customer,12566,cust12566@anonymised.invalid,,,Unknown,Germany,Germany,2011-09-14,Online Export,0
12567,Customer,12567,cust12567@anonymised.invalid,,,Unknown,France,France,2010-02-11,Online Export,1
12568,Customer,12568,cust12568@anonymised.invalid,,,Unknown,Germany,Germany,2010-03-05,Online Export,0
12569,Customer,12569,cust12569@anonymised.invalid,,,Unknown,Germany,Germany,2011-04-01,Online Export,1
12571,Customer,12571,cust12571@anonymised.invalid,,,Unknown,France,France,2011-08-10,Online Export,0
12572,Customer,12572,cust12572@anonymised.invalid,,,Unknown,Germany,Germany,2011-10-19,Online Export,0
12573,Customer,12573,cust12573@anonymised.invalid,,,Unknown,France,France,2010-08-31,Online Export,1
12574,Customer,12574,cust12574@anonymised.invalid,,,Unknown,France,France,2011-01-28,Online Export,0
12575,Customer,12575,cust12575@anonymised.invalid,,,Unknown,France,France,2010-07-01,Online Export,0
12576,Customer,12576,cust12576@anonymised.invalid,,,Unknown,Poland,Poland,2010-07-01,Online Export,1
12577,Customer,12577,cust12577@anonymised.invalid,,,Unknown,France,France,2009-12-03,Online Export,1
12578,Customer,12578,cust12578@anonymised.invalid,,,Unknown,Italy,Italy,2010-09-22,Online Export,1
12579,Customer,12579,cust12579@anonymised.invalid,,,Unknown,France,France,2011-09-22,Online Export,0
12580,Customer,12580,cust12580@anonymised.invalid,,,Unknown,Germany,Germany,2010-05-12,Online Export,0
12581,Customer,12581,cust12581@anonymised.invalid,,,Unknown,Germany,Germany,2011-10-31,Online Export,0
12582,Customer,12582,cust12582@anonymised.invalid,,,Unknown,Finland,Finland,2010-05-11,Online Export,1
12583,Customer,12583,cust12583@anonymised.invalid,,,Unknown,France,France,2009-12-06,Online Export,1
12584,Customer,12584,cust12584@anonymised.invalid,,,Unknown,Italy,Italy,2011-03-04,Online Export,1
12585,Customer,12585,cust12585@anonymised.invalid,,,Unknown,Germany,Germany,2010-12-23,Online Export,0
12586,Customer,12586,cust12586@anonymised.invalid,,,Unknown,Italy,Italy,2009-12-16,Online Export,1
12588,Customer,12588,cust12588@anonymised.invalid,,,Unknown,Finland,Finland,2010-04-21,Online Export,1
12589,Customer,12589,cust12589@anonymised.invalid,,,Unknown,France,France,2010-01-19,Online Export,1
12590,Customer,12590,cust12590@anonymised.invalid,,,Unknown,Germany,Germany,2010-04-12,Online Export,0
12591,Customer,12591,cust12591@anonymised.invalid,,,Unknown,Italy,Italy,2010-10-27,Online Export,1
12592,Customer,12592,cust12592@anonymised.invalid,,,Unknown,Germany,Germany,2010-07-08,Online Export,1
12593,Customer,12593,cust12593@anonymised.invalid,,,Unknown,France,France,2011-05-05,Online Export,1
12594,Customer,12594,cust12594@anonymised.invalid,,,Unknown,Italy,Italy,2010-03-03,Online Export,1
12595,Customer,12595,cust12595@anonymised.invalid,,,Unknown,Germany,Germany,2010-07-23,Online Export,0
12596,Customer,12596,cust12596@anonymised.invalid,,,Unknown,Spain,Spain,2011-04-11,Online Export,0
12597,Customer,12597,cust12597@anonymised.invalid,,,Unknown,Spain,Spain,2011-03-16,Online Export,1
12598,Customer,12598,cust12598@anonymised.invalid,,,Unknown,France,France,2010-03-01,Online Export,1
12599,Customer,12599,cust12599@anonymised.invalid,,,Unknown,France,France,2010-05-11,Online Export,1
12600,Customer,12600,cust12600@anonymised.invalid,,,Unknown,Germany,Germany,2009-12-07,Online Export,1
12601,Customer,12601,cust12601@anonymised.invalid,,,Unknown,Germany,Germany,2010-10-31,Online Export,1
12602,Customer,12602,cust12602@anonymised.invalid,,,Unknown,France,France,2011-10-12,Online Export,0
12603,Customer,12603,cust12603@anonymised.invalid,,,Unknown,Germany,Germany,2011-11-18,Online Export,0
12604,Customer,12604,cust12604@anonymised.invalid,,,Unknown,France,France,2011-03-23,Online Export,0
12605,Customer,12605,cust12605@anonymised.invalid,,,Unknown,Germany,Germany,2010-09-07,Online Export,1
12607,Customer,12607,cust12607@anonymised.invalid,,,Unknown,USA,USA,2011-10-10,Online Export,0
12609,Customer,12609,cust12609@anonymised.invalid,,,Unknown,Germany,Germany,2009-12-20,Online Export,1
12610,Customer,12610,cust12610@anonymised.invalid,,,Unknown,Italy,Italy,2011-08-05,Online Export,1
12611,Customer,12611,cust12611@anonymised.invalid,,,Unknown,Italy,Italy,2011-10-18,Online Export,0
12612,Customer,12612,cust12612@anonymised.invalid,,,Unknown,Germany,Germany,2011-09-26,Online Export,0
12613,Customer,12613,cust12613@anonymised.invalid,,,Unknown,Germany,Germany,2009-12-14,Online Export,1
12614,Customer,12614,cust12614@anonymised.invalid,,,Unknown,Germany,Germany,2011-03-07,Online Export,0
12615,Customer,12615,cust12615@anonymised.invalid,,,Unknown,France,France,2009-12-01,Online Export,1
12616,Customer,12616,cust12616@anonymised.invalid,,,Unknown,France,France,2010-11-16,Online Export,1
12617,Customer,12617,cust12617@anonymised.invalid,,,Unknown,France,France,2011-11-10,Online Export,0
12618,Customer,12618,cust12618@anonymised.invalid,,,Unknown,Italy,Italy,2011-11-18,Online Export,0
12619,Customer,12619,cust12619@anonymised.invalid,,,Unknown,Germany,Germany,2010-05-28,Online Export,1
12620,Customer,12620,cust12620@anonymised.invalid,,,Unknown,France,France,2011-05-19,Online Export,1
12621,Customer,12621,cust12621@anonymised.invalid,,,Unknown,Germany,Germany,2010-02-09,Online Export,1
12622,Customer,12622,cust12622@anonymised.invalid,,,Unknown,Germany,Germany,2011-04-21,Online Export,0
12623,Customer,12623,cust12623@anonymised.invalid,,,Unknown,Germany,Germany,2010-01-12,Online Export,1
12624,Customer,12624,cust12624@anonymised.invalid,,,Unknown,France,France,2011-06-15,Online Export,0
12625,Customer,12625,cust12625@anonymised.invalid,,,Unknown,Germany,Germany,2010-04-22,Online Export,1
12626,Customer,12626,cust12626@anonymised.invalid,,,Unknown,Germany,Germany,2011-01-17,Online Export,1
12627,Customer,12627,cust12627@anonymised.invalid,,,Unknown,Germany,Germany,2011-07-22,Online Export,1
12628,Customer,12628,cust12628@anonymised.invalid,,,Unknown,Germany,Germany,2011-10-06,Online Export,0
12629,Customer,12629,cust12629@anonymised.invalid,,,Unknown,Sweden,Sweden,2010-10-12,Online Export,0
12630,Customer,12630,cust12630@anonymised.invalid,,,Unknown,Finland,Finland,2011-10-27,Online Export,0
12631,Customer,12631,cust12631@anonymised.invalid,,,Unknown,Finland,Finland,2010-01-15,Online Export,1
12632,Customer,12632,cust12632@anonymised.invalid,,,Unknown,Germany,Germany,2010-05-24,Online Export,0
12633,Customer,12633,cust12633@anonymised.invalid,,,Unknown,Germany,Germany,2010-07-02,Online Export,1
12634,Customer,12634,cust12634@anonymised.invalid,,,Unknown,USA,USA,2010-06-09,Online Export,0
12635,Customer,12635,cust12635@anonymised.invalid,,,Unknown,Germany,Germany,2010-09-09,Online Export,1
12637,Customer,12637,cust12637@anonymised.invalid,,,Unknown,France,France,2010-06-14,Online Export,1
12638,Customer,12638,cust12638@anonymised.invalid,,,Unknown,Sweden,Sweden,2010-03-10,Online Export,0
12639,Customer,12639,cust12639@anonymised.invalid,,,Unknown,Sweden,Sweden,2010-03-22,Online Export,1
12640,Customer,12640,cust12640@anonymised.invalid,,,Unknown,France,France,2011-09-19,Online Export,1
12641,Customer,12641,cust12641@anonymised.invalid,,,Unknown,Sweden,Sweden,2011-08-16,Online Export,0
12642,Customer,12642,cust12642@anonymised.invalid,,,Unknown,Germany,Germany,2011-08-24,Online Export,1
12643,Customer,12643,cust12643@anonymised.invalid,,,Unknown,France,France,2010-04-07,Online Export,1
12644,Customer,12644,cust12644@anonymised.invalid,,,Unknown,Germany,Germany,2010-01-14,Online Export,1
12645,Customer,12645,cust12645@anonymised.invalid,,,Unknown,Germany,Germany,2010-02-09,Online Export,1
12646,Customer,12646,cust12646@anonymised.invalid,,,Unknown,USA,USA,2011-10-21,Online Export,0
12647,Customer,12647,cust12647@anonymised.invalid,,,Unknown,Germany,Germany,2010-01-13,Online Export,1
12648,Customer,12648,cust12648@anonymised.invalid,,,Unknown,Germany,Germany,2010-01-07,Online Export,1
12649,Customer,12649,cust12649@anonymised.invalid,,,Unknown,Germany,Germany,2010-01-12,Online Export,1
12651,Customer,12651,cust12651@anonymised.invalid,,,Unknown,France,France,2010-08-31,Online Export,1
12652,Customer,12652,cust12652@anonymised.invalid,,,Unknown,France,France,2010-10-01,Online Export,0
12653,Customer,12653,cust12653@anonymised.invalid,,,Unknown,Israel,Israel,2010-07-01,Online Export,1
12654,Customer,12654,cust12654@anonymised.invalid,,,Unknown,Germany,Germany,2011-02-17,Online Export,1
12655,Customer,12655,cust12655@anonymised.invalid,,,Unknown,France,France,2010-10-12,Online Export,0
12656,Customer,12656,cust12656@anonymised.invalid,,,Unknown,France,France,2010-05-26,Online Export,1
12657,Customer,12657,cust12657@anonymised.invalid,,,Unknown,France,France,2011-09-22,Online Export,1
12658,Customer,12658,cust12658@anonymised.invalid,,,Unknown,Germany,Germany,2011-11-21,Online Export,0
12659,Customer,12659,cust12659@anonymised.invalid,,,Unknown,France,France,2011-11-10,Online Export,0
12660,Customer,12660,cust12660@anonymised.invalid,,,Unknown,France,France,2011-11-28,Online Export,0
12661,Customer,12661,cust12661@anonymised.invalid,,,Unknown,Sweden,Sweden,2010-09-29,Online Export,0
12662,Customer,12662,cust12662@anonymised.invalid,,,Unknown,Germany,Germany,2010-04-01,Online Export,1
12663,Customer,12663,cust12663@anonymised.invalid,,,Unknown,Germany,Germany,2010-02-09,Online Export,0
12664,Customer,12664,cust12664@anonymised.invalid,,,Unknown,Finland,Finland,2009-12-13,Online Export,1
12665,Customer,12665,cust12665@anonymised.invalid,,,Unknown,Germany,Germany,2010-02-08,Online Export,1
12666,Customer,12666,cust12666@anonymised.invalid,,,Unknown,Israel,Israel,2010-11-10,Online Export,0
12667,Customer,12667,cust12667@anonymised.invalid,,,Unknown,Finland,Finland,2011-10-12,Online Export,0
12668,Customer,12668,cust12668@anonymised.invalid,,,Unknown,Germany,Germany,2010-01-31,Online Export,1
12669,Customer,12669,cust12669@anonymised.invalid,,,Unknown,France,France,2011-03-28,Online Export,0
12670,Customer,12670,cust12670@anonymised.invalid,,,Unknown,France,France,2010-02-11,Online Export,1
12671,Customer,12671,cust12671@anonymised.invalid,,,Unknown,Germany,Germany,2010-04-12,Online Export,0
12672,Customer,12672,cust12672@anonymised.invalid,,,Unknown,France,France,2010-04-23,Online Export,0
12673,Customer,12673,cust12673@anonymised.invalid,,,Unknown,Germany,Germany,2010-11-03,Online Export,0
12674,Customer,12674,cust12674@anonymised.invalid,,,Unknown,France,France,2011-05-16,Online Export,1
12675,Customer,12675,cust12675@anonymised.invalid,,,Unknown,Italy,Italy,2010-05-10,Online Export,0
12676,Customer,12676,cust12676@anonymised.invalid,,,Unknown,Sweden,Sweden,2010-08-13,Online Export,1
12677,Customer,12677,cust12677@anonymised.invalid,,,Unknown,France,France,2009-12-07,Online Export,0
12678,Customer,12678,cust12678@anonymised.invalid,,,Unknown,France,France,2010-01-07,Online Export,1
12679,Customer,12679,cust12679@anonymised.invalid,,,Unknown,France,France,2011-03-01,Online Export,1
12680,Customer,12680,cust12680@anonymised.invalid,,,Unknown,France,France,2011-08-18,Online Export,1
12681,Customer,12681,cust12681@anonymised.invalid,,,Unknown,France,France,2009-12-13,Online Export,1
12682,Customer,12682,cust12682@anonymised.invalid,,,Unknown,France,France,2009-12-01,Online Export,1
12683,Customer,12683,cust12683@anonymised.invalid,,,Unknown,France,France,2009-12-13,Online Export,1
12684,Customer,12684,cust12684@anonymised.invalid,,,Unknown,France,France,2011-05-10,Online Export,1
12685,Customer,12685,cust12685@anonymised.invalid,,,Unknown,France,France,2011-09-07,Online Export,1
12686,Customer,12686,cust12686@anonymised.invalid,,,Unknown,France,France,2010-12-03,Online Export,0
12687,Customer,12687,cust12687@anonymised.invalid,,,Unknown,Sweden,Sweden,2010-08-16,Online Export,0
12688,Customer,12688,cust12688@anonymised.invalid,,,Unknown,Israel,Israel,2011-08-18,Online Export,0
12689,Customer,12689,cust12689@anonymised.invalid,,,Unknown,France,France,2011-08-04,Online Export,0
12690,Customer,12690,cust12690@anonymised.invalid,,,Unknown,France,France,2011-05-18,Online Export,0
12691,Customer,12691,cust12691@anonymised.invalid,,,Unknown,France,France,2010-10-15,Online Export,1
12692,Customer,12692,cust12692@anonymised.invalid,,,Unknown,France,France,2010-03-12,Online Export,0
12693,Customer,12693,cust12693@anonymised.invalid,,,Unknown,Germany,Germany,2010-07-05,Online Export,1
12694,Customer,12694,cust12694@anonymised.invalid,,,Unknown,France,France,2010-10-14,Online Export,1
12695,Customer,12695,cust12695@anonymised.invalid,,,Unknown,France,France,2010-02-12,Online Export,1
12696,Customer,12696,cust12696@anonymised.invalid,,,Unknown,Finland,Finland,2010-07-19,Online Export,0
12697,Customer,12697,cust12697@anonymised.invalid,,,Unknown,Sweden,Sweden,2011-06-23,Online Export,1
12698,Customer,12698,cust12698@anonymised.invalid,,,Unknown,Germany,Germany,2010-04-28,Online Export,0
12699,Customer,12699,cust12699@anonymised.invalid,,,Unknown,Germany,Germany,2010-10-18,Online Export,0
12700,Customer,12700,cust12700@anonymised.invalid,,,Unknown,France,France,2011-05-08,Online Export,1
12701,Customer,12701,cust12701@anonymised.invalid,,,Unknown,Germany,Germany,2010-03-16,Online Export,1
12702,Customer,12702,cust12702@anonymised.invalid,,,Unknown,Germany,Germany,2011-11-20,Online Export,0
12703,Customer,12703,cust12703@anonymised.invalid,,,Unknown,Germany,Germany,2010-01-24,Online Export,1
12704,Customer,12704,cust12704@anonymised.invalid,,,Unknown,Finland,Finland,2011-06-23,Online Export,1
12705,Customer,12705,cust12705@anonymised.invalid,,,Unknown,Germany,Germany,2009-12-03,Online Export,1
12707,Customer,12707,cust12707@anonymised.invalid,,,Unknown,France,France,2011-02-21,Online Export,0
12708,Customer,12708,cust12708@anonymised.invalid,,,Unknown,Germany,Germany,2009-12-18,Online Export,1
12709,Customer,12709,cust12709@anonymised.invalid,,,Unknown,Germany,Germany,2009-12-09,Online Export,1
12710,Customer,12710,cust12710@anonymised.invalid,,,Unknown,Germany,Germany,2011-05-22,Online Export,1
12711,Customer,12711,cust12711@anonymised.invalid,,,Unknown,Germany,Germany,2010-02-01,Online Export,0
12712,Customer,12712,cust12712@anonymised.invalid,,,Unknown,Germany,Germany,2009-12-09,Online Export,1
12714,Customer,12714,cust12714@anonymised.invalid,,,Unknown,France,France,2009-12-04,Online Export,1
12715,Customer,12715,cust12715@anonymised.invalid,,,Unknown,Sweden,Sweden,2011-08-25,Online Export,0
12716,Customer,12716,cust12716@anonymised.invalid,,,Unknown,France,France,2011-07-29,Online Export,0
12717,Customer,12717,cust12717@anonymised.invalid,,,Unknown,Greece,Greece,2010-04-28,Online Export,1
12718,Customer,12718,cust12718@anonymised.invalid,,,Unknown,France,France,2011-09-29,Online Export,0
12719,Customer,12719,cust12719@anonymised.invalid,,,Unknown,France,France,2011-10-05,Online Export,0
12720,Customer,12720,cust12720@anonymised.invalid,,,Unknown,Germany,Germany,2010-07-21,Online Export,1
12721,Customer,12721,cust12721@anonymised.invalid,,,Unknown,France,France,2010-08-25,Online Export,1
12722,Customer,12722,cust12722@anonymised.invalid,,,Unknown,France,France,2011-07-12,Online Export,1
12723,Customer,12723,cust12723@anonymised.invalid,,,Unknown,France,France,2011-10-05,Online Export,1
12724,Customer,12724,cust12724@anonymised.invalid,,,Unknown,France,France,2010-06-22,Online Export,1
12725,Customer,12725,cust12725@anonymised.invalid,,,Unknown,Italy,Italy,2010-05-04,Online Export,1
12726,Customer,12726,cust12726@anonymised.invalid,,,Unknown,France,France,2010-03-25,Online Export,1
12727,Customer,12727,cust12727@anonymised.invalid,,,Unknown,France,France,2010-02-23,Online Export,1
12728,Customer,12728,cust12728@anonymised.invalid,,,Unknown,France,France,2010-11-21,Online Export,1
12729,Customer,12729,cust12729@anonymised.invalid,,,Unknown,France,France,2011-08-18,Online Export,0
12730,Customer,12730,cust12730@anonymised.invalid,,,Unknown,Germany,Germany,2010-07-06,Online Export,0
12731,Customer,12731,cust12731@anonymised.invalid,,,Unknown,France,France,2010-03-02,Online Export,1
12732,Customer,12732,cust12732@anonymised.invalid,,,Unknown,France,France,2011-06-13,Online Export,0
12733,Customer,12733,cust12733@anonymised.invalid,,,Unknown,USA,USA,2010-01-19,Online Export,1
12734,Customer,12734,cust12734@anonymised.invalid,,,Unknown,France,France,2010-11-12,Online Export,1
12735,Customer,12735,cust12735@anonymised.invalid,,,Unknown,France,France,2011-01-06,Online Export,0
12736,Customer,12736,cust12736@anonymised.invalid,,,Unknown,France,France,2011-01-11,Online Export,0
12738,Customer,12738,cust12738@anonymised.invalid,,,Unknown,Germany,Germany,2010-12-02,Online Export,0
12739,Customer,12739,cust12739@anonymised.invalid,,,Unknown,United Arab Emirates,United Arab Emirates,2010-11-10,Online Export,0
12740,Customer,12740,cust12740@anonymised.invalid,,,Unknown,France,France,2011-10-07,Online Export,0
12741,Customer,12741,cust12741@anonymised.invalid,,,Unknown,USA,USA,2010-06-24,Online Export,0
12742,Customer,12742,cust12742@anonymised.invalid,,,Unknown,United Arab Emirates,United Arab Emirates,2010-03-24,Online Export,0
12743,Customer,12743,cust12743@anonymised.invalid,,,Unknown,Unspecified,Unspecified,2011-07-28,Online Export,0
12744,Customer,12744,cust12744@anonymised.invalid,,,Unknown,Singapore,Singapore,2010-04-27,Online Export,1
12750,Customer,12750,cust12750@anonymised.invalid,,,Unknown,Poland,Poland,2011-08-03,Online Export,0
12751,Customer,12751,cust12751@anonymised.invalid,,,Unknown,Brazil,Brazil,2010-09-21,Online Export,0
12752,Customer,12752,cust12752@anonymised.invalid,,,Unknown,Norway,Norway,2011-09-19,Online Export,0
12753,Customer,12753,cust12753@anonymised.invalid,,,Unknown,Japan,Japan,2010-12-12,Online Export,1
12754,Customer,12754,cust12754@anonymised.invalid,,,Unknown,Japan,Japan,2011-02-04,Online Export,1
12755,Customer,12755,cust12755@anonymised.invalid,,,Unknown,Japan,Japan,2009-12-02,Online Export,1
12756,Customer,12756,cust12756@anonymised.invalid,,,Unknown,Japan,Japan,2011-09-14,Online Export,0
12757,Customer,12757,cust12757@anonymised.invalid,,,Unknown,Portugal,Portugal,2011-05-12,Online Export,1
12758,Customer,12758,cust12758@anonymised.invalid,,,Unknown,Portugal,Portugal,2009-12-01,Online Export,1
12759,Customer,12759,cust12759@anonymised.invalid,,,Unknown,Netherlands,Netherlands,2009-12-04,Online Export,1
12760,Customer,12760,cust12760@anonymised.invalid,,,Unknown,Netherlands,Netherlands,2010-09-10,Online Export,0
12761,Customer,12761,cust12761@anonymised.invalid,,,Unknown,Netherlands,Netherlands,2010-09-01,Online Export,0
12762,Customer,12762,cust12762@anonymised.invalid,,,Unknown,Portugal,Portugal,2011-11-14,Online Export,0
12763,Customer,12763,cust12763@anonymised.invalid,,,Unknown,Japan,Japan,2010-12-05,Online Export,0
12764,Customer,12764,cust12764@anonymised.invalid,,,Unknown,Lebanon,Lebanon,2011-01-27,Online Export,0
12765,Customer,12765,cust12765@anonymised.invalid,,,Unknown,Netherlands,Netherlands,2010-03-08,Online Export,1
12766,Customer,12766,cust12766@anonymised.invalid,,,Unknown,Portugal,Portugal,2010-10-28,Online Export,1
12767,Customer,12767,cust12767@anonymised.invalid,,,Unknown,Korea,Korea,2010-11-29,Online Export,0
12768,Customer,12768,cust12768@anonymised.invalid,,,Unknown,Korea,Korea,2010-09-15,Online Export,0
12769,Customer,12769,cust12769@anonymised.invalid,,,Unknown,Brazil,Brazil,2011-04-15,Online Export,0
12770,Customer,12770,cust12770@anonymised.invalid,,,Unknown,Japan,Japan,2010-04-07,Online Export,0
12771,Customer,12771,cust12771@anonymised.invalid,,,Unknown,Portugal,Portugal,2010-08-11,Online Export,0
12772,Customer,12772,cust12772@anonymised.invalid,,,Unknown,Portugal,Portugal,2011-10-11,Online Export,0
12773,Customer,12773,cust12773@anonymised.invalid,,,Unknown,Portugal,Portugal,2010-05-24,Online Export,0
12774,Customer,12774,cust12774@anonymised.invalid,,,Unknown,Netherlands,Netherlands,2010-06-22,Online Export,0
12775,Customer,12775,cust12775@anonymised.invalid,,,Unknown,Netherlands,Netherlands,2010-10-26,Online Export,1
12776,Customer,12776,cust12776@anonymised.invalid,,,Unknown,Portugal,Portugal,2010-02-10,Online Export,0
12778,Customer,12778,cust12778@anonymised.invalid,,,Unknown,Netherlands,Netherlands,2010-04-16,Online Export,1
12779,Customer,12779,cust12779@anonymised.invalid,,,Unknown,Poland,Poland,2009-12-03,Online Export,1
12780,Customer,12780,cust12780@anonymised.invalid,,,Unknown,Netherlands,Netherlands,2010-04-20,Online Export,0
12781,Customer,12781,cust12781@anonymised.invalid,,,Unknown,Czech Republic,Czech Republic,2011-02-28,Online Export,0
12782,Customer,12782,cust12782@anonymised.invalid,,,Unknown,Portugal,Portugal,2010-07-08,Online Export,1
12783,Customer,12783,cust12783@anonymised.invalid,,,Unknown,Portugal,Portugal,2011-09-25,Online Export,1
12784,Customer,12784,cust12784@anonymised.invalid,,,Unknown,Portugal,Portugal,2010-06-28,Online Export,0
12785,Customer,12785,cust12785@anonymised.invalid,,,Unknown,Portugal,Portugal,2009-12-08,Online Export,1
12786,Customer,12786,cust12786@anonymised.invalid,,,Unknown,Netherlands,Netherlands,2010-04-09,Online Export,0
12787,Customer,12787,cust12787@anonymised.invalid,,,Unknown,Netherlands,Netherlands,2010-10-22,Online Export,1
12788,Customer,12788,cust12788@anonymised.invalid,,,Unknown,Netherlands,Netherlands,2010-06-29,Online Export,1
12789,Customer,12789,cust12789@anonymised.invalid,,,Unknown,Netherlands,Netherlands,2010-01-15,Online Export,1
12790,Customer,12790,cust12790@anonymised.invalid,,,Unknown,Netherlands,Netherlands,2010-10-25,Online Export,0
12791,Customer,12791,cust12791@anonymised.invalid,,,Unknown,Netherlands,Netherlands,2010-03-25,Online Export,1
12792,Customer,12792,cust12792@anonymised.invalid,,,Unknown,Portugal,Portugal,2010-06-23,Online Export,0
12793,Customer,12793,cust12793@anonymised.invalid,,,Unknown,Portugal,Portugal,2010-11-03,Online Export,1
12794,Customer,12794,cust12794@anonymised.invalid,,,Unknown,Portugal,Portugal,2011-09-02,Online Export,0
12795,Customer,12795,cust12795@anonymised.invalid,,,Unknown,Portugal,Portugal,2011-11-21,Online Export,0
12796,Customer,12796,cust12796@anonymised.invalid,,,Unknown,Netherlands,Netherlands,2010-03-21,Online Export,0
12797,Customer,12797,cust12797@anonymised.invalid,,,Unknown,Portugal,Portugal,2010-10-11,Online Export,0
12798,Customer,12798,cust12798@anonymised.invalid,,,Unknown,Japan,Japan,2010-10-14,Online Export,1
12799,Customer,12799,cust12799@anonymised.invalid,,,Unknown,Japan,Japan,2010-06-28,Online Export,0
12800,Customer,12800,cust12800@anonymised.invalid,,,Unknown,Portugal,Portugal,2010-02-01,Online Export,0
12801,Customer,12801,cust12801@anonymised.invalid,,,Unknown,Sweden,Sweden,2010-07-27,Online Export,0
12802,Customer,12802,cust12802@anonymised.invalid,,,Unknown,Netherlands,Netherlands,2010-05-25,Online Export,1
12803,Customer,12803,cust12803@anonymised.invalid,,,Unknown,Netherlands,Netherlands,2010-11-11,Online Export,0
12804,Customer,12804,cust12804@anonymised.invalid,,,Unknown,Netherlands,Netherlands,2010-07-27,Online Export,0
12805,Customer,12805,cust12805@anonymised.invalid,,,Unknown,Netherlands,Netherlands,2010-02-03,Online Export,1
12806,Customer,12806,cust12806@anonymised.invalid,,,Unknown,Netherlands,Netherlands,2010-04-30,Online Export,0
12807,Customer,12807,cust12807@anonymised.invalid,,,Unknown,Sweden,Sweden,2010-11-18,Online Export,0
12808,Customer,12808,cust12808@anonymised.invalid,,,Unknown,Portugal,Portugal,2010-09-03,Online Export,1
12809,Customer,12809,cust12809@anonymised.invalid,,,Unknown,Portugal,Portugal,2010-03-02,Online Export,1
12810,Customer,12810,cust12810@anonymised.invalid,,,Unknown,Japan,Japan,2010-02-01,Online Export,0
12811,Customer,12811,cust12811@anonymised.invalid,,,Unknown,Portugal,Portugal,2010-10-08,Online Export,1
12812,Customer,12812,cust12812@anonymised.invalid,,,Unknown,Japan,Japan,2011-10-26,Online Export,0
12813,Customer,12813,cust12813@anonymised.invalid,,,Unknown,Netherlands,Netherlands,2010-01-15,Online Export,1
12814,Customer,12814,cust12814@anonymised.invalid,,,Unknown,Poland,Poland,2011-08-30,Online Export,0
12815,Customer,12815,cust12815@anonymised.invalid,,,Unknown,Poland,Poland,2011-05-25,Online Export,0
12816,Customer,12816,cust12816@anonymised.invalid,,,Unknown,Poland,Poland,2011-06-16,Online Export,0
12817,Customer,12817,cust12817@anonymised.invalid,,,Unknown,Austria,Austria,2010-10-01,Online Export,1
12818,Customer,12818,cust12818@anonymised.invalid,,,Unknown,Austria,Austria,2011-03-23,Online Export,0
12865,Customer,12865,cust12865@anonymised.invalid,,,Unknown,Austria,Austria,2010-08-20,Online Export,1
12866,Customer,12866,cust12866@anonymised.invalid,,,Unknown,Belgium,Belgium,2010-07-25,Online Export,1
12874,Customer,12874,cust12874@anonymised.invalid,,,Unknown,Belgium,Belgium,2010-06-03,Online Export,0
12876,Customer,12876,cust12876@anonymised.invalid,,,Unknown,Belgium,Belgium,2010-04-28,Online Export,1
12979,Customer,12979,cust12979@anonymised.invalid,,,Unknown,United Arab Emirates,United Arab Emirates,2009-12-10,Online Export,0
13022,Customer,13022,cust13022@anonymised.invalid,,,Unknown,Belgium,Belgium,2010-10-06,Online Export,0
13492,Customer,13492,cust13492@anonymised.invalid,,,Unknown,Switzerland,Switzerland,2011-05-09,Online Export,1
13493,Customer,13493,cust13493@anonymised.invalid,,,Unknown,Switzerland,Switzerland,2011-02-25,Online Export,0
13501,Customer,13501,cust13501@anonymised.invalid,,,Unknown,Switzerland,Switzerland,2010-05-18,Online Export,1
13505,Customer,13505,cust13505@anonymised.invalid,,,Unknown,Switzerland,Switzerland,2011-04-21,Online Export,1
13520,Customer,13520,cust13520@anonymised.invalid,,,Unknown,Switzerland,Switzerland,2009-12-17,Online Export,1
13809,Customer,13809,cust13809@anonymised.invalid,,,Unknown,Cyprus,Cyprus,2010-09-05,Online Export,1
13810,Customer,13810,cust13810@anonymised.invalid,,,Unknown,Germany,Germany,2011-10-14,Online Export,0
13811,Customer,13811,cust13811@anonymised.invalid,,,Unknown,Germany,Germany,2011-04-14,Online Export,0
13812,Customer,13812,cust13812@anonymised.invalid,,,Unknown,Germany,Germany,2011-08-26,Online Export,1
13813,Customer,13813,cust13813@anonymised.invalid,,,Unknown,Germany,Germany,2009-12-06,Online Export,1
13814,Customer,13814,cust13814@anonymised.invalid,,,Unknown,Germany,Germany,2010-06-30,Online Export,1
13815,Customer,13815,cust13815@anonymised.invalid,,,Unknown,Germany,Germany,2010-02-12,Online Export,1
13816,Customer,13816,cust13816@anonymised.invalid,,,Unknown,Germany,Germany,2011-10-06,Online Export,0
13817,Customer,13817,cust13817@anonymised.invalid,,,Unknown,Germany,Germany,2010-12-23,Online Export,0
13902,Customer,13902,cust13902@anonymised.invalid,,,Unknown,Denmark,Denmark,2009-12-08,Online Export,1
13919,Customer,13919,cust13919@anonymised.invalid,,,Unknown,Denmark,Denmark,2010-06-17,Online Export,1
14265,Customer,14265,cust14265@anonymised.invalid,,,Unknown,Unspecified,Unspecified,2010-04-06,Online Export,1
14277,Customer,14277,cust14277@anonymised.invalid,,,Unknown,France,France,2009-12-03,Online Export,1
14335,Customer,14335,cust14335@anonymised.invalid,,,Unknown,Germany,Germany,2011-09-04,Online Export,0
14439,Customer,14439,cust14439@anonymised.invalid,,,Unknown,Greece,Greece,2010-01-21,Online Export,1
14442,Customer,14442,cust14442@anonymised.invalid,,,Unknown,Channel Islands,Channel Islands,2010-01-18,Online Export,1
14564,Customer,14564,cust14564@anonymised.invalid,,,Unknown,Channel Islands,Channel Islands,2009-12-04,Online Export,0
14566,Customer,14566,cust14566@anonymised.invalid,,,Unknown,Channel Islands,Channel Islands,2010-06-24,Online Export,1
14568,Customer,14568,cust14568@anonymised.invalid,,,Unknown,Channel Islands,Channel Islands,2010-09-30,Online Export,0
14646,Customer,14646,cust14646@anonymised.invalid,,,Unknown,Netherlands,Netherlands,2009-12-02,Online Export,1
14912,Customer,14912,cust14912@anonymised.invalid,,,Unknown,Italy,Italy,2010-04-28,Online Export,1
14930,Customer,14930,cust14930@anonymised.invalid,,,Unknown,Channel Islands,Channel Islands,2010-04-12,Online Export,1
14931,Customer,14931,cust14931@anonymised.invalid,,,Unknown,Channel Islands,Channel Islands,2011-04-13,Online Export,1
14932,Customer,14932,cust14932@anonymised.invalid,,,Unknown,Channel Islands,Channel Islands,2010-11-19,Online Export,0
14933,Customer,14933,cust14933@anonymised.invalid,,,Unknown,Channel Islands,Channel Islands,2010-09-21,Online Export,1
14934,Customer,14934,cust14934@anonymised.invalid,,,Unknown,Channel Islands,Channel Islands,2010-09-24,Online Export,1
14935,Customer,14935,cust14935@anonymised.invalid,,,Unknown,Channel Islands,Channel Islands,2010-03-30,Online Export,0
14936,Customer,14936,cust14936@anonymised.invalid,,,Unknown,Channel Islands,Channel Islands,2010-05-05,Online Export,1
14937,Customer,14937,cust14937@anonymised.invalid,,,Unknown,Channel Islands,Channel Islands,2011-08-01,Online Export,1
14938,Customer,14938,cust14938@anonymised.invalid,,,Unknown,Channel Islands,Channel Islands,2010-05-26,Online Export,0
15108,Customer,15108,cust15108@anonymised.invalid,,,Unknown,European Community,European Community,2011-04-26,Online Export,1
15332,Customer,15332,cust15332@anonymised.invalid,,,Unknown,Lithuania,Lithuania,2010-07-14,Online Export,1
15388,Customer,15388,cust15388@anonymised.invalid,,,Unknown,Canada,Canada,2011-03-14,Online Export,0
15390,Customer,15390,cust15390@anonymised.invalid,,,Unknown,Canada,Canada,2010-10-26,Online Export,0
15480,Customer,15480,cust15480@anonymised.invalid,,,Unknown,Malta,Malta,2010-02-01,Online Export,1
15481,Customer,15481,cust15481@anonymised.invalid,,,Unknown,Norway,Norway,2010-11-03,Online Export,0
15702,Customer,15702,cust15702@anonymised.invalid,,,Unknown,Nigeria,Nigeria,2010-08-20,Online Export,0
16320,Customer,16320,cust16320@anonymised.invalid,,,Unknown,Unspecified,Unspecified,2010-01-27,Online Export,1
16321,Customer,16321,cust16321@anonymised.invalid,,,Unknown,Australia,Australia,2009-12-01,Online Export,1
17097,Customer,17097,cust17097@anonymised.invalid,,,Unknown,Spain,Spain,2010-10-05,Online Export,1
17404,Customer,17404,cust17404@anonymised.invalid,,,Unknown,Sweden,Sweden,2010-01-07,Online Export,1
17443,Customer,17443,cust17443@anonymised.invalid,,,Unknown,Canada,Canada,2011-05-04,Online Export,0
17444,Customer,17444,cust17444@anonymised.invalid,,,Unknown,Canada,Canada,2011-06-20,Online Export,0
17508,Customer,17508,cust17508@anonymised.invalid,,,Unknown,Greece,Greece,2009-12-07,Online Export,1
17828,Customer,17828,cust17828@anonymised.invalid,,,Unknown,Malta,Malta,2011-06-08,Online Export,1
17829,Customer,17829,cust17829@anonymised.invalid,,,Unknown,United Arab Emirates,United Arab Emirates,2010-02-22,Online Export,1
17844,Customer,17844,cust17844@anonymised.invalid,,,Unknown,Canada,Canada,2011-08-25,Online Export,0
18140,Customer,18140,cust18140@anonymised.invalid,,,Unknown,West Indies,West Indies,2010-08-23,Online Export,0
