date_key,full_date,year,quarter,month_number,month_name,year_month,week_of_year,day_of_month,day_name,is_weekend
20091201,2009-12-01,2009,Q4,12,December,2009-12,49,1,Tuesday,0
20091202,2009-12-02,2009,Q4,12,December,2009-12,49,2,Wednesday,0
20091203,2009-12-03,2009,Q4,12,December,2009-12,49,3,Thursday,0
20091204,2009-12-04,2009,Q4,12,December,2009-12,49,4,Friday,0
20091205,2009-12-05,2009,Q4,12,December,2009-12,49,5,Saturday,1
20091206,2009-12-06,2009,Q4,12,December,2009-12,49,6,Sunday,1
20091207,2009-12-07,2009,Q4,12,December,2009-12,50,7,Monday,0
20091208,2009-12-08,2009,Q4,12,December,2009-12,50,8,Tuesday,0
20091209,2009-12-09,2009,Q4,12,December,2009-12,50,9,Wednesday,0
20091210,2009-12-10,2009,Q4,12,December,2009-12,50,10,Thursday,0
20091211,2009-12-11,2009,Q4,12,December,2009-12,50,11,Friday,0
20091212,2009-12-12,2009,Q4,12,December,2009-12,50,12,Saturday,1
20091213,2009-12-13,2009,Q4,12,December,2009-12,50,13,Sunday,1
20091214,2009-12-14,2009,Q4,12,December,2009-12,51,14,Monday,0
20091215,2009-12-15,2009,Q4,12,December,2009-12,51,15,Tuesday,0
20091216,2009-12-16,2009,Q4,12,December,2009-12,51,16,Wednesday,0
20091217,2009-12-17,2009,Q4,12,December,2009-12,51,17,Thursday,0
20091218,2009-12-18,2009,Q4,12,December,2009-12,51,18,Friday,0
20091219,2009-12-19,2009,Q4,12,December,2009-12,51,19,Saturday,1
20091220,2009-12-20,2009,Q4,12,December,2009-12,51,20,Sunday,1
20091221,2009-12-21,2009,Q4,12,December,2009-12,52,21,Monday,0
20091222,2009-12-22,2009,Q4,12,December,2009-12,52,22,Tuesday,0
20091223,2009-12-23,2009,Q4,12,December,2009-12,52,23,Wednesday,0
20091224,2009-12-24,2009,Q4,12,December,2009-12,52,24,Thursday,0
20091225,2009-12-25,2009,Q4,12,December,2009-12,52,25,Friday,0
20091226,2009-12-26,2009,Q4,12,December,2009-12,52,26,Saturday,1
20091227,2009-12-27,2009,Q4,12,December,2009-12,52,27,Sunday,1
20091228,2009-12-28,2009,Q4,12,December,2009-12,53,28,Monday,0
20091229,2009-12-29,2009,Q4,12,December,2009-12,53,29,Tuesday,0
20091230,2009-12-30,2009,Q4,12,December,2009-12,53,30,Wednesday,0
20091231,2009-12-31,2009,Q4,12,December,2009-12,53,31,Thursday,0
20100101,2010-01-01,2010,Q1,1,January,2010-01,53,1,Friday,0
20100102,2010-01-02,2010,Q1,1,January,2010-01,53,2,Saturday,1
20100103,2010-01-03,2010,Q1,1,January,2010-01,53,3,Sunday,1
20100104,2010-01-04,2010,Q1,1,January,2010-01,1,4,Monday,0
20100105,2010-01-05,2010,Q1,1,January,2010-01,1,5,Tuesday,0
20100106,2010-01-06,2010,Q1,1,January,2010-01,1,6,Wednesday,0
20100107,2010-01-07,2010,Q1,1,January,2010-01,1,7,Thursday,0
20100108,2010-01-08,2010,Q1,1,January,2010-01,1,8,Friday,0
20100109,2010-01-09,2010,Q1,1,January,2010-01,1,9,Saturday,1
20100110,2010-01-10,2010,Q1,1,January,2010-01,1,10,Sunday,1
20100111,2010-01-11,2010,Q1,1,January,2010-01,2,11,Monday,0
20100112,2010-01-12,2010,Q1,1,January,2010-01,2,12,Tuesday,0
20100113,2010-01-13,2010,Q1,1,January,2010-01,2,13,Wednesday,0
20100114,2010-01-14,2010,Q1,1,January,2010-01,2,14,Thursday,0
20100115,2010-01-15,2010,Q1,1,January,2010-01,2,15,Friday,0
20100116,2010-01-16,2010,Q1,1,January,2010-01,2,16,Saturday,1
20100117,2010-01-17,2010,Q1,1,January,2010-01,2,17,Sunday,1
20100118,2010-01-18,2010,Q1,1,January,2010-01,3,18,Monday,0
20100119,2010-01-19,2010,Q1,1,January,2010-01,3,19,Tuesday,0
20100120,2010-01-20,2010,Q1,1,January,2010-01,3,20,Wednesday,0
20100121,2010-01-21,2010,Q1,1,January,2010-01,3,21,Thursday,0
20100122,2010-01-22,2010,Q1,1,January,2010-01,3,22,Friday,0
20100123,2010-01-23,2010,Q1,1,January,2010-01,3,23,Saturday,1
20100124,2010-01-24,2010,Q1,1,January,2010-01,3,24,Sunday,1
20100125,2010-01-25,2010,Q1,1,January,2010-01,4,25,Monday,0
20100126,2010-01-26,2010,Q1,1,January,2010-01,4,26,Tuesday,0
20100127,2010-01-27,2010,Q1,1,January,2010-01,4,27,Wednesday,0
20100128,2010-01-28,2010,Q1,1,January,2010-01,4,28,Thursday,0
20100129,2010-01-29,2010,Q1,1,January,2010-01,4,29,Friday,0
20100130,2010-01-30,2010,Q1,1,January,2010-01,4,30,Saturday,1
20100131,2010-01-31,2010,Q1,1,January,2010-01,4,31,Sunday,1
20100201,2010-02-01,2010,Q1,2,February,2010-02,5,1,Monday,0
20100202,2010-02-02,2010,Q1,2,February,2010-02,5,2,Tuesday,0
20100203,2010-02-03,2010,Q1,2,February,2010-02,5,3,Wednesday,0
20100204,2010-02-04,2010,Q1,2,February,2010-02,5,4,Thursday,0
20100205,2010-02-05,2010,Q1,2,February,2010-02,5,5,Friday,0
20100206,2010-02-06,2010,Q1,2,February,2010-02,5,6,Saturday,1
20100207,2010-02-07,2010,Q1,2,February,2010-02,5,7,Sunday,1
20100208,2010-02-08,2010,Q1,2,February,2010-02,6,8,Monday,0
20100209,2010-02-09,2010,Q1,2,February,2010-02,6,9,Tuesday,0
20100210,2010-02-10,2010,Q1,2,February,2010-02,6,10,Wednesday,0
20100211,2010-02-11,2010,Q1,2,February,2010-02,6,11,Thursday,0
20100212,2010-02-12,2010,Q1,2,February,2010-02,6,12,Friday,0
20100213,2010-02-13,2010,Q1,2,February,2010-02,6,13,Saturday,1
20100214,2010-02-14,2010,Q1,2,February,2010-02,6,14,Sunday,1
20100215,2010-02-15,2010,Q1,2,February,2010-02,7,15,Monday,0
20100216,2010-02-16,2010,Q1,2,February,2010-02,7,16,Tuesday,0
20100217,2010-02-17,2010,Q1,2,February,2010-02,7,17,Wednesday,0
20100218,2010-02-18,2010,Q1,2,February,2010-02,7,18,Thursday,0
20100219,2010-02-19,2010,Q1,2,February,2010-02,7,19,Friday,0
20100220,2010-02-20,2010,Q1,2,February,2010-02,7,20,Saturday,1
20100221,2010-02-21,2010,Q1,2,February,2010-02,7,21,Sunday,1
20100222,2010-02-22,2010,Q1,2,February,2010-02,8,22,Monday,0
20100223,2010-02-23,2010,Q1,2,February,2010-02,8,23,Tuesday,0
20100224,2010-02-24,2010,Q1,2,February,2010-02,8,24,Wednesday,0
20100225,2010-02-25,2010,Q1,2,February,2010-02,8,25,Thursday,0
20100226,2010-02-26,2010,Q1,2,February,2010-02,8,26,Friday,0
20100227,2010-02-27,2010,Q1,2,February,2010-02,8,27,Saturday,1
20100228,2010-02-28,2010,Q1,2,February,2010-02,8,28,Sunday,1
20100301,2010-03-01,2010,Q1,3,March,2010-03,9,1,Monday,0
20100302,2010-03-02,2010,Q1,3,March,2010-03,9,2,Tuesday,0
20100303,2010-03-03,2010,Q1,3,March,2010-03,9,3,Wednesday,0
20100304,2010-03-04,2010,Q1,3,March,2010-03,9,4,Thursday,0
20100305,2010-03-05,2010,Q1,3,March,2010-03,9,5,Friday,0
20100306,2010-03-06,2010,Q1,3,March,2010-03,9,6,Saturday,1
20100307,2010-03-07,2010,Q1,3,March,2010-03,9,7,Sunday,1
20100308,2010-03-08,2010,Q1,3,March,2010-03,10,8,Monday,0
20100309,2010-03-09,2010,Q1,3,March,2010-03,10,9,Tuesday,0
20100310,2010-03-10,2010,Q1,3,March,2010-03,10,10,Wednesday,0
20100311,2010-03-11,2010,Q1,3,March,2010-03,10,11,Thursday,0
20100312,2010-03-12,2010,Q1,3,March,2010-03,10,12,Friday,0
20100313,2010-03-13,2010,Q1,3,March,2010-03,10,13,Saturday,1
20100314,2010-03-14,2010,Q1,3,March,2010-03,10,14,Sunday,1
20100315,2010-03-15,2010,Q1,3,March,2010-03,11,15,Monday,0
20100316,2010-03-16,2010,Q1,3,March,2010-03,11,16,Tuesday,0
20100317,2010-03-17,2010,Q1,3,March,2010-03,11,17,Wednesday,0
20100318,2010-03-18,2010,Q1,3,March,2010-03,11,18,Thursday,0
20100319,2010-03-19,2010,Q1,3,March,2010-03,11,19,Friday,0
20100320,2010-03-20,2010,Q1,3,March,2010-03,11,20,Saturday,1
20100321,2010-03-21,2010,Q1,3,March,2010-03,11,21,Sunday,1
20100322,2010-03-22,2010,Q1,3,March,2010-03,12,22,Monday,0
20100323,2010-03-23,2010,Q1,3,March,2010-03,12,23,Tuesday,0
20100324,2010-03-24,2010,Q1,3,March,2010-03,12,24,Wednesday,0
20100325,2010-03-25,2010,Q1,3,March,2010-03,12,25,Thursday,0
20100326,2010-03-26,2010,Q1,3,March,2010-03,12,26,Friday,0
20100327,2010-03-27,2010,Q1,3,March,2010-03,12,27,Saturday,1
20100328,2010-03-28,2010,Q1,3,March,2010-03,12,28,Sunday,1
20100329,2010-03-29,2010,Q1,3,March,2010-03,13,29,Monday,0
20100330,2010-03-30,2010,Q1,3,March,2010-03,13,30,Tuesday,0
20100331,2010-03-31,2010,Q1,3,March,2010-03,13,31,Wednesday,0
20100401,2010-04-01,2010,Q2,4,April,2010-04,13,1,Thursday,0
20100402,2010-04-02,2010,Q2,4,April,2010-04,13,2,Friday,0
20100403,2010-04-03,2010,Q2,4,April,2010-04,13,3,Saturday,1
20100404,2010-04-04,2010,Q2,4,April,2010-04,13,4,Sunday,1
20100405,2010-04-05,2010,Q2,4,April,2010-04,14,5,Monday,0
20100406,2010-04-06,2010,Q2,4,April,2010-04,14,6,Tuesday,0
20100407,2010-04-07,2010,Q2,4,April,2010-04,14,7,Wednesday,0
20100408,2010-04-08,2010,Q2,4,April,2010-04,14,8,Thursday,0
20100409,2010-04-09,2010,Q2,4,April,2010-04,14,9,Friday,0
20100410,2010-04-10,2010,Q2,4,April,2010-04,14,10,Saturday,1
20100411,2010-04-11,2010,Q2,4,April,2010-04,14,11,Sunday,1
20100412,2010-04-12,2010,Q2,4,April,2010-04,15,12,Monday,0
20100413,2010-04-13,2010,Q2,4,April,2010-04,15,13,Tuesday,0
20100414,2010-04-14,2010,Q2,4,April,2010-04,15,14,Wednesday,0
20100415,2010-04-15,2010,Q2,4,April,2010-04,15,15,Thursday,0
20100416,2010-04-16,2010,Q2,4,April,2010-04,15,16,Friday,0
20100417,2010-04-17,2010,Q2,4,April,2010-04,15,17,Saturday,1
20100418,2010-04-18,2010,Q2,4,April,2010-04,15,18,Sunday,1
20100419,2010-04-19,2010,Q2,4,April,2010-04,16,19,Monday,0
20100420,2010-04-20,2010,Q2,4,April,2010-04,16,20,Tuesday,0
20100421,2010-04-21,2010,Q2,4,April,2010-04,16,21,Wednesday,0
20100422,2010-04-22,2010,Q2,4,April,2010-04,16,22,Thursday,0
20100423,2010-04-23,2010,Q2,4,April,2010-04,16,23,Friday,0
20100424,2010-04-24,2010,Q2,4,April,2010-04,16,24,Saturday,1
20100425,2010-04-25,2010,Q2,4,April,2010-04,16,25,Sunday,1
20100426,2010-04-26,2010,Q2,4,April,2010-04,17,26,Monday,0
20100427,2010-04-27,2010,Q2,4,April,2010-04,17,27,Tuesday,0
20100428,2010-04-28,2010,Q2,4,April,2010-04,17,28,Wednesday,0
20100429,2010-04-29,2010,Q2,4,April,2010-04,17,29,Thursday,0
20100430,2010-04-30,2010,Q2,4,April,2010-04,17,30,Friday,0
20100501,2010-05-01,2010,Q2,5,May,2010-05,17,1,Saturday,1
20100502,2010-05-02,2010,Q2,5,May,2010-05,17,2,Sunday,1
20100503,2010-05-03,2010,Q2,5,May,2010-05,18,3,Monday,0
20100504,2010-05-04,2010,Q2,5,May,2010-05,18,4,Tuesday,0
20100505,2010-05-05,2010,Q2,5,May,2010-05,18,5,Wednesday,0
20100506,2010-05-06,2010,Q2,5,May,2010-05,18,6,Thursday,0
20100507,2010-05-07,2010,Q2,5,May,2010-05,18,7,Friday,0
20100508,2010-05-08,2010,Q2,5,May,2010-05,18,8,Saturday,1
20100509,2010-05-09,2010,Q2,5,May,2010-05,18,9,Sunday,1
20100510,2010-05-10,2010,Q2,5,May,2010-05,19,10,Monday,0
20100511,2010-05-11,2010,Q2,5,May,2010-05,19,11,Tuesday,0
20100512,2010-05-12,2010,Q2,5,May,2010-05,19,12,Wednesday,0
20100513,2010-05-13,2010,Q2,5,May,2010-05,19,13,Thursday,0
20100514,2010-05-14,2010,Q2,5,May,2010-05,19,14,Friday,0
20100515,2010-05-15,2010,Q2,5,May,2010-05,19,15,Saturday,1
20100516,2010-05-16,2010,Q2,5,May,2010-05,19,16,Sunday,1
20100517,2010-05-17,2010,Q2,5,May,2010-05,20,17,Monday,0
20100518,2010-05-18,2010,Q2,5,May,2010-05,20,18,Tuesday,0
20100519,2010-05-19,2010,Q2,5,May,2010-05,20,19,Wednesday,0
20100520,2010-05-20,2010,Q2,5,May,2010-05,20,20,Thursday,0
20100521,2010-05-21,2010,Q2,5,May,2010-05,20,21,Friday,0
20100522,2010-05-22,2010,Q2,5,May,2010-05,20,22,Saturday,1
20100523,2010-05-23,2010,Q2,5,May,2010-05,20,23,Sunday,1
20100524,2010-05-24,2010,Q2,5,May,2010-05,21,24,Monday,0
20100525,2010-05-25,2010,Q2,5,May,2010-05,21,25,Tuesday,0
20100526,2010-05-26,2010,Q2,5,May,2010-05,21,26,Wednesday,0
20100527,2010-05-27,2010,Q2,5,May,2010-05,21,27,Thursday,0
20100528,2010-05-28,2010,Q2,5,May,2010-05,21,28,Friday,0
20100529,2010-05-29,2010,Q2,5,May,2010-05,21,29,Saturday,1
20100530,2010-05-30,2010,Q2,5,May,2010-05,21,30,Sunday,1
20100531,2010-05-31,2010,Q2,5,May,2010-05,22,31,Monday,0
20100601,2010-06-01,2010,Q2,6,June,2010-06,22,1,Tuesday,0
20100602,2010-06-02,2010,Q2,6,June,2010-06,22,2,Wednesday,0
20100603,2010-06-03,2010,Q2,6,June,2010-06,22,3,Thursday,0
20100604,2010-06-04,2010,Q2,6,June,2010-06,22,4,Friday,0
20100605,2010-06-05,2010,Q2,6,June,2010-06,22,5,Saturday,1
20100606,2010-06-06,2010,Q2,6,June,2010-06,22,6,Sunday,1
20100607,2010-06-07,2010,Q2,6,June,2010-06,23,7,Monday,0
20100608,2010-06-08,2010,Q2,6,June,2010-06,23,8,Tuesday,0
20100609,2010-06-09,2010,Q2,6,June,2010-06,23,9,Wednesday,0
20100610,2010-06-10,2010,Q2,6,June,2010-06,23,10,Thursday,0
20100611,2010-06-11,2010,Q2,6,June,2010-06,23,11,Friday,0
20100612,2010-06-12,2010,Q2,6,June,2010-06,23,12,Saturday,1
20100613,2010-06-13,2010,Q2,6,June,2010-06,23,13,Sunday,1
20100614,2010-06-14,2010,Q2,6,June,2010-06,24,14,Monday,0
20100615,2010-06-15,2010,Q2,6,June,2010-06,24,15,Tuesday,0
20100616,2010-06-16,2010,Q2,6,June,2010-06,24,16,Wednesday,0
20100617,2010-06-17,2010,Q2,6,June,2010-06,24,17,Thursday,0
20100618,2010-06-18,2010,Q2,6,June,2010-06,24,18,Friday,0
20100619,2010-06-19,2010,Q2,6,June,2010-06,24,19,Saturday,1
20100620,2010-06-20,2010,Q2,6,June,2010-06,24,20,Sunday,1
20100621,2010-06-21,2010,Q2,6,June,2010-06,25,21,Monday,0
20100622,2010-06-22,2010,Q2,6,June,2010-06,25,22,Tuesday,0
20100623,2010-06-23,2010,Q2,6,June,2010-06,25,23,Wednesday,0
20100624,2010-06-24,2010,Q2,6,June,2010-06,25,24,Thursday,0
20100625,2010-06-25,2010,Q2,6,June,2010-06,25,25,Friday,0
20100626,2010-06-26,2010,Q2,6,June,2010-06,25,26,Saturday,1
20100627,2010-06-27,2010,Q2,6,June,2010-06,25,27,Sunday,1
20100628,2010-06-28,2010,Q2,6,June,2010-06,26,28,Monday,0
20100629,2010-06-29,2010,Q2,6,June,2010-06,26,29,Tuesday,0
20100630,2010-06-30,2010,Q2,6,June,2010-06,26,30,Wednesday,0
20100701,2010-07-01,2010,Q3,7,July,2010-07,26,1,Thursday,0
20100702,2010-07-02,2010,Q3,7,July,2010-07,26,2,Friday,0
20100703,2010-07-03,2010,Q3,7,July,2010-07,26,3,Saturday,1
20100704,2010-07-04,2010,Q3,7,July,2010-07,26,4,Sunday,1
20100705,2010-07-05,2010,Q3,7,July,2010-07,27,5,Monday,0
20100706,2010-07-06,2010,Q3,7,July,2010-07,27,6,Tuesday,0
20100707,2010-07-07,2010,Q3,7,July,2010-07,27,7,Wednesday,0
20100708,2010-07-08,2010,Q3,7,July,2010-07,27,8,Thursday,0
20100709,2010-07-09,2010,Q3,7,July,2010-07,27,9,Friday,0
20100710,2010-07-10,2010,Q3,7,July,2010-07,27,10,Saturday,1
20100711,2010-07-11,2010,Q3,7,July,2010-07,27,11,Sunday,1
20100712,2010-07-12,2010,Q3,7,July,2010-07,28,12,Monday,0
20100713,2010-07-13,2010,Q3,7,July,2010-07,28,13,Tuesday,0
20100714,2010-07-14,2010,Q3,7,July,2010-07,28,14,Wednesday,0
20100715,2010-07-15,2010,Q3,7,July,2010-07,28,15,Thursday,0
20100716,2010-07-16,2010,Q3,7,July,2010-07,28,16,Friday,0
20100717,2010-07-17,2010,Q3,7,July,2010-07,28,17,Saturday,1
20100718,2010-07-18,2010,Q3,7,July,2010-07,28,18,Sunday,1
20100719,2010-07-19,2010,Q3,7,July,2010-07,29,19,Monday,0
20100720,2010-07-20,2010,Q3,7,July,2010-07,29,20,Tuesday,0
20100721,2010-07-21,2010,Q3,7,July,2010-07,29,21,Wednesday,0
20100722,2010-07-22,2010,Q3,7,July,2010-07,29,22,Thursday,0
20100723,2010-07-23,2010,Q3,7,July,2010-07,29,23,Friday,0
20100724,2010-07-24,2010,Q3,7,July,2010-07,29,24,Saturday,1
20100725,2010-07-25,2010,Q3,7,July,2010-07,29,25,Sunday,1
20100726,2010-07-26,2010,Q3,7,July,2010-07,30,26,Monday,0
20100727,2010-07-27,2010,Q3,7,July,2010-07,30,27,Tuesday,0
20100728,2010-07-28,2010,Q3,7,July,2010-07,30,28,Wednesday,0
20100729,2010-07-29,2010,Q3,7,July,2010-07,30,29,Thursday,0
20100730,2010-07-30,2010,Q3,7,July,2010-07,30,30,Friday,0
20100731,2010-07-31,2010,Q3,7,July,2010-07,30,31,Saturday,1
20100801,2010-08-01,2010,Q3,8,August,2010-08,30,1,Sunday,1
20100802,2010-08-02,2010,Q3,8,August,2010-08,31,2,Monday,0
20100803,2010-08-03,2010,Q3,8,August,2010-08,31,3,Tuesday,0
20100804,2010-08-04,2010,Q3,8,August,2010-08,31,4,Wednesday,0
20100805,2010-08-05,2010,Q3,8,August,2010-08,31,5,Thursday,0
20100806,2010-08-06,2010,Q3,8,August,2010-08,31,6,Friday,0
20100807,2010-08-07,2010,Q3,8,August,2010-08,31,7,Saturday,1
20100808,2010-08-08,2010,Q3,8,August,2010-08,31,8,Sunday,1
20100809,2010-08-09,2010,Q3,8,August,2010-08,32,9,Monday,0
20100810,2010-08-10,2010,Q3,8,August,2010-08,32,10,Tuesday,0
20100811,2010-08-11,2010,Q3,8,August,2010-08,32,11,Wednesday,0
20100812,2010-08-12,2010,Q3,8,August,2010-08,32,12,Thursday,0
20100813,2010-08-13,2010,Q3,8,August,2010-08,32,13,Friday,0
20100814,2010-08-14,2010,Q3,8,August,2010-08,32,14,Saturday,1
20100815,2010-08-15,2010,Q3,8,August,2010-08,32,15,Sunday,1
20100816,2010-08-16,2010,Q3,8,August,2010-08,33,16,Monday,0
20100817,2010-08-17,2010,Q3,8,August,2010-08,33,17,Tuesday,0
20100818,2010-08-18,2010,Q3,8,August,2010-08,33,18,Wednesday,0
20100819,2010-08-19,2010,Q3,8,August,2010-08,33,19,Thursday,0
20100820,2010-08-20,2010,Q3,8,August,2010-08,33,20,Friday,0
20100821,2010-08-21,2010,Q3,8,August,2010-08,33,21,Saturday,1
20100822,2010-08-22,2010,Q3,8,August,2010-08,33,22,Sunday,1
20100823,2010-08-23,2010,Q3,8,August,2010-08,34,23,Monday,0
20100824,2010-08-24,2010,Q3,8,August,2010-08,34,24,Tuesday,0
20100825,2010-08-25,2010,Q3,8,August,2010-08,34,25,Wednesday,0
20100826,2010-08-26,2010,Q3,8,August,2010-08,34,26,Thursday,0
20100827,2010-08-27,2010,Q3,8,August,2010-08,34,27,Friday,0
20100828,2010-08-28,2010,Q3,8,August,2010-08,34,28,Saturday,1
20100829,2010-08-29,2010,Q3,8,August,2010-08,34,29,Sunday,1
20100830,2010-08-30,2010,Q3,8,August,2010-08,35,30,Monday,0
20100831,2010-08-31,2010,Q3,8,August,2010-08,35,31,Tuesday,0
20100901,2010-09-01,2010,Q3,9,September,2010-09,35,1,Wednesday,0
20100902,2010-09-02,2010,Q3,9,September,2010-09,35,2,Thursday,0
20100903,2010-09-03,2010,Q3,9,September,2010-09,35,3,Friday,0
20100904,2010-09-04,2010,Q3,9,September,2010-09,35,4,Saturday,1
20100905,2010-09-05,2010,Q3,9,September,2010-09,35,5,Sunday,1
20100906,2010-09-06,2010,Q3,9,September,2010-09,36,6,Monday,0
20100907,2010-09-07,2010,Q3,9,September,2010-09,36,7,Tuesday,0
20100908,2010-09-08,2010,Q3,9,September,2010-09,36,8,Wednesday,0
20100909,2010-09-09,2010,Q3,9,September,2010-09,36,9,Thursday,0
20100910,2010-09-10,2010,Q3,9,September,2010-09,36,10,Friday,0
20100911,2010-09-11,2010,Q3,9,September,2010-09,36,11,Saturday,1
20100912,2010-09-12,2010,Q3,9,September,2010-09,36,12,Sunday,1
20100913,2010-09-13,2010,Q3,9,September,2010-09,37,13,Monday,0
20100914,2010-09-14,2010,Q3,9,September,2010-09,37,14,Tuesday,0
20100915,2010-09-15,2010,Q3,9,September,2010-09,37,15,Wednesday,0
20100916,2010-09-16,2010,Q3,9,September,2010-09,37,16,Thursday,0
20100917,2010-09-17,2010,Q3,9,September,2010-09,37,17,Friday,0
20100918,2010-09-18,2010,Q3,9,September,2010-09,37,18,Saturday,1
20100919,2010-09-19,2010,Q3,9,September,2010-09,37,19,Sunday,1
20100920,2010-09-20,2010,Q3,9,September,2010-09,38,20,Monday,0
20100921,2010-09-21,2010,Q3,9,September,2010-09,38,21,Tuesday,0
20100922,2010-09-22,2010,Q3,9,September,2010-09,38,22,Wednesday,0
20100923,2010-09-23,2010,Q3,9,September,2010-09,38,23,Thursday,0
20100924,2010-09-24,2010,Q3,9,September,2010-09,38,24,Friday,0
20100925,2010-09-25,2010,Q3,9,September,2010-09,38,25,Saturday,1
20100926,2010-09-26,2010,Q3,9,September,2010-09,38,26,Sunday,1
20100927,2010-09-27,2010,Q3,9,September,2010-09,39,27,Monday,0
20100928,2010-09-28,2010,Q3,9,September,2010-09,39,28,Tuesday,0
20100929,2010-09-29,2010,Q3,9,September,2010-09,39,29,Wednesday,0
20100930,2010-09-30,2010,Q3,9,September,2010-09,39,30,Thursday,0
20101001,2010-10-01,2010,Q4,10,October,2010-10,39,1,Friday,0
20101002,2010-10-02,2010,Q4,10,October,2010-10,39,2,Saturday,1
20101003,2010-10-03,2010,Q4,10,October,2010-10,39,3,Sunday,1
20101004,2010-10-04,2010,Q4,10,October,2010-10,40,4,Monday,0
20101005,2010-10-05,2010,Q4,10,October,2010-10,40,5,Tuesday,0
20101006,2010-10-06,2010,Q4,10,October,2010-10,40,6,Wednesday,0
20101007,2010-10-07,2010,Q4,10,October,2010-10,40,7,Thursday,0
20101008,2010-10-08,2010,Q4,10,October,2010-10,40,8,Friday,0
20101009,2010-10-09,2010,Q4,10,October,2010-10,40,9,Saturday,1
20101010,2010-10-10,2010,Q4,10,October,2010-10,40,10,Sunday,1
20101011,2010-10-11,2010,Q4,10,October,2010-10,41,11,Monday,0
20101012,2010-10-12,2010,Q4,10,October,2010-10,41,12,Tuesday,0
20101013,2010-10-13,2010,Q4,10,October,2010-10,41,13,Wednesday,0
20101014,2010-10-14,2010,Q4,10,October,2010-10,41,14,Thursday,0
20101015,2010-10-15,2010,Q4,10,October,2010-10,41,15,Friday,0
20101016,2010-10-16,2010,Q4,10,October,2010-10,41,16,Saturday,1
20101017,2010-10-17,2010,Q4,10,October,2010-10,41,17,Sunday,1
20101018,2010-10-18,2010,Q4,10,October,2010-10,42,18,Monday,0
20101019,2010-10-19,2010,Q4,10,October,2010-10,42,19,Tuesday,0
20101020,2010-10-20,2010,Q4,10,October,2010-10,42,20,Wednesday,0
20101021,2010-10-21,2010,Q4,10,October,2010-10,42,21,Thursday,0
20101022,2010-10-22,2010,Q4,10,October,2010-10,42,22,Friday,0
20101023,2010-10-23,2010,Q4,10,October,2010-10,42,23,Saturday,1
20101024,2010-10-24,2010,Q4,10,October,2010-10,42,24,Sunday,1
20101025,2010-10-25,2010,Q4,10,October,2010-10,43,25,Monday,0
20101026,2010-10-26,2010,Q4,10,October,2010-10,43,26,Tuesday,0
20101027,2010-10-27,2010,Q4,10,October,2010-10,43,27,Wednesday,0
20101028,2010-10-28,2010,Q4,10,October,2010-10,43,28,Thursday,0
20101029,2010-10-29,2010,Q4,10,October,2010-10,43,29,Friday,0
20101030,2010-10-30,2010,Q4,10,October,2010-10,43,30,Saturday,1
20101031,2010-10-31,2010,Q4,10,October,2010-10,43,31,Sunday,1
20101101,2010-11-01,2010,Q4,11,November,2010-11,44,1,Monday,0
20101102,2010-11-02,2010,Q4,11,November,2010-11,44,2,Tuesday,0
20101103,2010-11-03,2010,Q4,11,November,2010-11,44,3,Wednesday,0
20101104,2010-11-04,2010,Q4,11,November,2010-11,44,4,Thursday,0
20101105,2010-11-05,2010,Q4,11,November,2010-11,44,5,Friday,0
20101106,2010-11-06,2010,Q4,11,November,2010-11,44,6,Saturday,1
20101107,2010-11-07,2010,Q4,11,November,2010-11,44,7,Sunday,1
20101108,2010-11-08,2010,Q4,11,November,2010-11,45,8,Monday,0
20101109,2010-11-09,2010,Q4,11,November,2010-11,45,9,Tuesday,0
20101110,2010-11-10,2010,Q4,11,November,2010-11,45,10,Wednesday,0
20101111,2010-11-11,2010,Q4,11,November,2010-11,45,11,Thursday,0
20101112,2010-11-12,2010,Q4,11,November,2010-11,45,12,Friday,0
20101113,2010-11-13,2010,Q4,11,November,2010-11,45,13,Saturday,1
20101114,2010-11-14,2010,Q4,11,November,2010-11,45,14,Sunday,1
20101115,2010-11-15,2010,Q4,11,November,2010-11,46,15,Monday,0
20101116,2010-11-16,2010,Q4,11,November,2010-11,46,16,Tuesday,0
20101117,2010-11-17,2010,Q4,11,November,2010-11,46,17,Wednesday,0
20101118,2010-11-18,2010,Q4,11,November,2010-11,46,18,Thursday,0
20101119,2010-11-19,2010,Q4,11,November,2010-11,46,19,Friday,0
20101120,2010-11-20,2010,Q4,11,November,2010-11,46,20,Saturday,1
20101121,2010-11-21,2010,Q4,11,November,2010-11,46,21,Sunday,1
20101122,2010-11-22,2010,Q4,11,November,2010-11,47,22,Monday,0
20101123,2010-11-23,2010,Q4,11,November,2010-11,47,23,Tuesday,0
20101124,2010-11-24,2010,Q4,11,November,2010-11,47,24,Wednesday,0
20101125,2010-11-25,2010,Q4,11,November,2010-11,47,25,Thursday,0
20101126,2010-11-26,2010,Q4,11,November,2010-11,47,26,Friday,0
20101127,2010-11-27,2010,Q4,11,November,2010-11,47,27,Saturday,1
20101128,2010-11-28,2010,Q4,11,November,2010-11,47,28,Sunday,1
20101129,2010-11-29,2010,Q4,11,November,2010-11,48,29,Monday,0
20101130,2010-11-30,2010,Q4,11,November,2010-11,48,30,Tuesday,0
20101201,2010-12-01,2010,Q4,12,December,2010-12,48,1,Wednesday,0
20101202,2010-12-02,2010,Q4,12,December,2010-12,48,2,Thursday,0
20101203,2010-12-03,2010,Q4,12,December,2010-12,48,3,Friday,0
20101204,2010-12-04,2010,Q4,12,December,2010-12,48,4,Saturday,1
20101205,2010-12-05,2010,Q4,12,December,2010-12,48,5,Sunday,1
20101206,2010-12-06,2010,Q4,12,December,2010-12,49,6,Monday,0
20101207,2010-12-07,2010,Q4,12,December,2010-12,49,7,Tuesday,0
20101208,2010-12-08,2010,Q4,12,December,2010-12,49,8,Wednesday,0
20101209,2010-12-09,2010,Q4,12,December,2010-12,49,9,Thursday,0
20101210,2010-12-10,2010,Q4,12,December,2010-12,49,10,Friday,0
20101211,2010-12-11,2010,Q4,12,December,2010-12,49,11,Saturday,1
20101212,2010-12-12,2010,Q4,12,December,2010-12,49,12,Sunday,1
20101213,2010-12-13,2010,Q4,12,December,2010-12,50,13,Monday,0
20101214,2010-12-14,2010,Q4,12,December,2010-12,50,14,Tuesday,0
20101215,2010-12-15,2010,Q4,12,December,2010-12,50,15,Wednesday,0
20101216,2010-12-16,2010,Q4,12,December,2010-12,50,16,Thursday,0
20101217,2010-12-17,2010,Q4,12,December,2010-12,50,17,Friday,0
20101218,2010-12-18,2010,Q4,12,December,2010-12,50,18,Saturday,1
20101219,2010-12-19,2010,Q4,12,December,2010-12,50,19,Sunday,1
20101220,2010-12-20,2010,Q4,12,December,2010-12,51,20,Monday,0
20101221,2010-12-21,2010,Q4,12,December,2010-12,51,21,Tuesday,0
20101222,2010-12-22,2010,Q4,12,December,2010-12,51,22,Wednesday,0
20101223,2010-12-23,2010,Q4,12,December,2010-12,51,23,Thursday,0
20101224,2010-12-24,2010,Q4,12,December,2010-12,51,24,Friday,0
20101225,2010-12-25,2010,Q4,12,December,2010-12,51,25,Saturday,1
20101226,2010-12-26,2010,Q4,12,December,2010-12,51,26,Sunday,1
20101227,2010-12-27,2010,Q4,12,December,2010-12,52,27,Monday,0
20101228,2010-12-28,2010,Q4,12,December,2010-12,52,28,Tuesday,0
20101229,2010-12-29,2010,Q4,12,December,2010-12,52,29,Wednesday,0
20101230,2010-12-30,2010,Q4,12,December,2010-12,52,30,Thursday,0
20101231,2010-12-31,2010,Q4,12,December,2010-12,52,31,Friday,0
20110101,2011-01-01,2011,Q1,1,January,2011-01,52,1,Saturday,1
20110102,2011-01-02,2011,Q1,1,January,2011-01,52,2,Sunday,1
20110103,2011-01-03,2011,Q1,1,January,2011-01,1,3,Monday,0
20110104,2011-01-04,2011,Q1,1,January,2011-01,1,4,Tuesday,0
20110105,2011-01-05,2011,Q1,1,January,2011-01,1,5,Wednesday,0
20110106,2011-01-06,2011,Q1,1,January,2011-01,1,6,Thursday,0
20110107,2011-01-07,2011,Q1,1,January,2011-01,1,7,Friday,0
20110108,2011-01-08,2011,Q1,1,January,2011-01,1,8,Saturday,1
20110109,2011-01-09,2011,Q1,1,January,2011-01,1,9,Sunday,1
20110110,2011-01-10,2011,Q1,1,January,2011-01,2,10,Monday,0
20110111,2011-01-11,2011,Q1,1,January,2011-01,2,11,Tuesday,0
20110112,2011-01-12,2011,Q1,1,January,2011-01,2,12,Wednesday,0
20110113,2011-01-13,2011,Q1,1,January,2011-01,2,13,Thursday,0
20110114,2011-01-14,2011,Q1,1,January,2011-01,2,14,Friday,0
20110115,2011-01-15,2011,Q1,1,January,2011-01,2,15,Saturday,1
20110116,2011-01-16,2011,Q1,1,January,2011-01,2,16,Sunday,1
20110117,2011-01-17,2011,Q1,1,January,2011-01,3,17,Monday,0
20110118,2011-01-18,2011,Q1,1,January,2011-01,3,18,Tuesday,0
20110119,2011-01-19,2011,Q1,1,January,2011-01,3,19,Wednesday,0
20110120,2011-01-20,2011,Q1,1,January,2011-01,3,20,Thursday,0
20110121,2011-01-21,2011,Q1,1,January,2011-01,3,21,Friday,0
20110122,2011-01-22,2011,Q1,1,January,2011-01,3,22,Saturday,1
20110123,2011-01-23,2011,Q1,1,January,2011-01,3,23,Sunday,1
20110124,2011-01-24,2011,Q1,1,January,2011-01,4,24,Monday,0
20110125,2011-01-25,2011,Q1,1,January,2011-01,4,25,Tuesday,0
20110126,2011-01-26,2011,Q1,1,January,2011-01,4,26,Wednesday,0
20110127,2011-01-27,2011,Q1,1,January,2011-01,4,27,Thursday,0
20110128,2011-01-28,2011,Q1,1,January,2011-01,4,28,Friday,0
20110129,2011-01-29,2011,Q1,1,January,2011-01,4,29,Saturday,1
20110130,2011-01-30,2011,Q1,1,January,2011-01,4,30,Sunday,1
20110131,2011-01-31,2011,Q1,1,January,2011-01,5,31,Monday,0
20110201,2011-02-01,2011,Q1,2,February,2011-02,5,1,Tuesday,0
20110202,2011-02-02,2011,Q1,2,February,2011-02,5,2,Wednesday,0
20110203,2011-02-03,2011,Q1,2,February,2011-02,5,3,Thursday,0
20110204,2011-02-04,2011,Q1,2,February,2011-02,5,4,Friday,0
20110205,2011-02-05,2011,Q1,2,February,2011-02,5,5,Saturday,1
20110206,2011-02-06,2011,Q1,2,February,2011-02,5,6,Sunday,1
20110207,2011-02-07,2011,Q1,2,February,2011-02,6,7,Monday,0
20110208,2011-02-08,2011,Q1,2,February,2011-02,6,8,Tuesday,0
20110209,2011-02-09,2011,Q1,2,February,2011-02,6,9,Wednesday,0
20110210,2011-02-10,2011,Q1,2,February,2011-02,6,10,Thursday,0
20110211,2011-02-11,2011,Q1,2,February,2011-02,6,11,Friday,0
20110212,2011-02-12,2011,Q1,2,February,2011-02,6,12,Saturday,1
20110213,2011-02-13,2011,Q1,2,February,2011-02,6,13,Sunday,1
20110214,2011-02-14,2011,Q1,2,February,2011-02,7,14,Monday,0
20110215,2011-02-15,2011,Q1,2,February,2011-02,7,15,Tuesday,0
20110216,2011-02-16,2011,Q1,2,February,2011-02,7,16,Wednesday,0
20110217,2011-02-17,2011,Q1,2,February,2011-02,7,17,Thursday,0
20110218,2011-02-18,2011,Q1,2,February,2011-02,7,18,Friday,0
20110219,2011-02-19,2011,Q1,2,February,2011-02,7,19,Saturday,1
20110220,2011-02-20,2011,Q1,2,February,2011-02,7,20,Sunday,1
20110221,2011-02-21,2011,Q1,2,February,2011-02,8,21,Monday,0
20110222,2011-02-22,2011,Q1,2,February,2011-02,8,22,Tuesday,0
20110223,2011-02-23,2011,Q1,2,February,2011-02,8,23,Wednesday,0
20110224,2011-02-24,2011,Q1,2,February,2011-02,8,24,Thursday,0
20110225,2011-02-25,2011,Q1,2,February,2011-02,8,25,Friday,0
20110226,2011-02-26,2011,Q1,2,February,2011-02,8,26,Saturday,1
20110227,2011-02-27,2011,Q1,2,February,2011-02,8,27,Sunday,1
20110228,2011-02-28,2011,Q1,2,February,2011-02,9,28,Monday,0
20110301,2011-03-01,2011,Q1,3,March,2011-03,9,1,Tuesday,0
20110302,2011-03-02,2011,Q1,3,March,2011-03,9,2,Wednesday,0
20110303,2011-03-03,2011,Q1,3,March,2011-03,9,3,Thursday,0
20110304,2011-03-04,2011,Q1,3,March,2011-03,9,4,Friday,0
20110305,2011-03-05,2011,Q1,3,March,2011-03,9,5,Saturday,1
20110306,2011-03-06,2011,Q1,3,March,2011-03,9,6,Sunday,1
20110307,2011-03-07,2011,Q1,3,March,2011-03,10,7,Monday,0
20110308,2011-03-08,2011,Q1,3,March,2011-03,10,8,Tuesday,0
20110309,2011-03-09,2011,Q1,3,March,2011-03,10,9,Wednesday,0
20110310,2011-03-10,2011,Q1,3,March,2011-03,10,10,Thursday,0
20110311,2011-03-11,2011,Q1,3,March,2011-03,10,11,Friday,0
20110312,2011-03-12,2011,Q1,3,March,2011-03,10,12,Saturday,1
20110313,2011-03-13,2011,Q1,3,March,2011-03,10,13,Sunday,1
20110314,2011-03-14,2011,Q1,3,March,2011-03,11,14,Monday,0
20110315,2011-03-15,2011,Q1,3,March,2011-03,11,15,Tuesday,0
20110316,2011-03-16,2011,Q1,3,March,2011-03,11,16,Wednesday,0
20110317,2011-03-17,2011,Q1,3,March,2011-03,11,17,Thursday,0
20110318,2011-03-18,2011,Q1,3,March,2011-03,11,18,Friday,0
20110319,2011-03-19,2011,Q1,3,March,2011-03,11,19,Saturday,1
20110320,2011-03-20,2011,Q1,3,March,2011-03,11,20,Sunday,1
20110321,2011-03-21,2011,Q1,3,March,2011-03,12,21,Monday,0
20110322,2011-03-22,2011,Q1,3,March,2011-03,12,22,Tuesday,0
20110323,2011-03-23,2011,Q1,3,March,2011-03,12,23,Wednesday,0
20110324,2011-03-24,2011,Q1,3,March,2011-03,12,24,Thursday,0
20110325,2011-03-25,2011,Q1,3,March,2011-03,12,25,Friday,0
20110326,2011-03-26,2011,Q1,3,March,2011-03,12,26,Saturday,1
20110327,2011-03-27,2011,Q1,3,March,2011-03,12,27,Sunday,1
20110328,2011-03-28,2011,Q1,3,March,2011-03,13,28,Monday,0
20110329,2011-03-29,2011,Q1,3,March,2011-03,13,29,Tuesday,0
20110330,2011-03-30,2011,Q1,3,March,2011-03,13,30,Wednesday,0
20110331,2011-03-31,2011,Q1,3,March,2011-03,13,31,Thursday,0
20110401,2011-04-01,2011,Q2,4,April,2011-04,13,1,Friday,0
20110402,2011-04-02,2011,Q2,4,April,2011-04,13,2,Saturday,1
20110403,2011-04-03,2011,Q2,4,April,2011-04,13,3,Sunday,1
20110404,2011-04-04,2011,Q2,4,April,2011-04,14,4,Monday,0
20110405,2011-04-05,2011,Q2,4,April,2011-04,14,5,Tuesday,0
20110406,2011-04-06,2011,Q2,4,April,2011-04,14,6,Wednesday,0
20110407,2011-04-07,2011,Q2,4,April,2011-04,14,7,Thursday,0
20110408,2011-04-08,2011,Q2,4,April,2011-04,14,8,Friday,0
20110409,2011-04-09,2011,Q2,4,April,2011-04,14,9,Saturday,1
20110410,2011-04-10,2011,Q2,4,April,2011-04,14,10,Sunday,1
20110411,2011-04-11,2011,Q2,4,April,2011-04,15,11,Monday,0
20110412,2011-04-12,2011,Q2,4,April,2011-04,15,12,Tuesday,0
20110413,2011-04-13,2011,Q2,4,April,2011-04,15,13,Wednesday,0
20110414,2011-04-14,2011,Q2,4,April,2011-04,15,14,Thursday,0
20110415,2011-04-15,2011,Q2,4,April,2011-04,15,15,Friday,0
20110416,2011-04-16,2011,Q2,4,April,2011-04,15,16,Saturday,1
20110417,2011-04-17,2011,Q2,4,April,2011-04,15,17,Sunday,1
20110418,2011-04-18,2011,Q2,4,April,2011-04,16,18,Monday,0
20110419,2011-04-19,2011,Q2,4,April,2011-04,16,19,Tuesday,0
20110420,2011-04-20,2011,Q2,4,April,2011-04,16,20,Wednesday,0
20110421,2011-04-21,2011,Q2,4,April,2011-04,16,21,Thursday,0
20110422,2011-04-22,2011,Q2,4,April,2011-04,16,22,Friday,0
20110423,2011-04-23,2011,Q2,4,April,2011-04,16,23,Saturday,1
20110424,2011-04-24,2011,Q2,4,April,2011-04,16,24,Sunday,1
20110425,2011-04-25,2011,Q2,4,April,2011-04,17,25,Monday,0
20110426,2011-04-26,2011,Q2,4,April,2011-04,17,26,Tuesday,0
20110427,2011-04-27,2011,Q2,4,April,2011-04,17,27,Wednesday,0
20110428,2011-04-28,2011,Q2,4,April,2011-04,17,28,Thursday,0
20110429,2011-04-29,2011,Q2,4,April,2011-04,17,29,Friday,0
20110430,2011-04-30,2011,Q2,4,April,2011-04,17,30,Saturday,1
20110501,2011-05-01,2011,Q2,5,May,2011-05,17,1,Sunday,1
20110502,2011-05-02,2011,Q2,5,May,2011-05,18,2,Monday,0
20110503,2011-05-03,2011,Q2,5,May,2011-05,18,3,Tuesday,0
20110504,2011-05-04,2011,Q2,5,May,2011-05,18,4,Wednesday,0
20110505,2011-05-05,2011,Q2,5,May,2011-05,18,5,Thursday,0
20110506,2011-05-06,2011,Q2,5,May,2011-05,18,6,Friday,0
20110507,2011-05-07,2011,Q2,5,May,2011-05,18,7,Saturday,1
20110508,2011-05-08,2011,Q2,5,May,2011-05,18,8,Sunday,1
20110509,2011-05-09,2011,Q2,5,May,2011-05,19,9,Monday,0
20110510,2011-05-10,2011,Q2,5,May,2011-05,19,10,Tuesday,0
20110511,2011-05-11,2011,Q2,5,May,2011-05,19,11,Wednesday,0
20110512,2011-05-12,2011,Q2,5,May,2011-05,19,12,Thursday,0
20110513,2011-05-13,2011,Q2,5,May,2011-05,19,13,Friday,0
20110514,2011-05-14,2011,Q2,5,May,2011-05,19,14,Saturday,1
20110515,2011-05-15,2011,Q2,5,May,2011-05,19,15,Sunday,1
20110516,2011-05-16,2011,Q2,5,May,2011-05,20,16,Monday,0
20110517,2011-05-17,2011,Q2,5,May,2011-05,20,17,Tuesday,0
20110518,2011-05-18,2011,Q2,5,May,2011-05,20,18,Wednesday,0
20110519,2011-05-19,2011,Q2,5,May,2011-05,20,19,Thursday,0
20110520,2011-05-20,2011,Q2,5,May,2011-05,20,20,Friday,0
20110521,2011-05-21,2011,Q2,5,May,2011-05,20,21,Saturday,1
20110522,2011-05-22,2011,Q2,5,May,2011-05,20,22,Sunday,1
20110523,2011-05-23,2011,Q2,5,May,2011-05,21,23,Monday,0
20110524,2011-05-24,2011,Q2,5,May,2011-05,21,24,Tuesday,0
20110525,2011-05-25,2011,Q2,5,May,2011-05,21,25,Wednesday,0
20110526,2011-05-26,2011,Q2,5,May,2011-05,21,26,Thursday,0
20110527,2011-05-27,2011,Q2,5,May,2011-05,21,27,Friday,0
20110528,2011-05-28,2011,Q2,5,May,2011-05,21,28,Saturday,1
20110529,2011-05-29,2011,Q2,5,May,2011-05,21,29,Sunday,1
20110530,2011-05-30,2011,Q2,5,May,2011-05,22,30,Monday,0
20110531,2011-05-31,2011,Q2,5,May,2011-05,22,31,Tuesday,0
20110601,2011-06-01,2011,Q2,6,June,2011-06,22,1,Wednesday,0
20110602,2011-06-02,2011,Q2,6,June,2011-06,22,2,Thursday,0
20110603,2011-06-03,2011,Q2,6,June,2011-06,22,3,Friday,0
20110604,2011-06-04,2011,Q2,6,June,2011-06,22,4,Saturday,1
20110605,2011-06-05,2011,Q2,6,June,2011-06,22,5,Sunday,1
20110606,2011-06-06,2011,Q2,6,June,2011-06,23,6,Monday,0
20110607,2011-06-07,2011,Q2,6,June,2011-06,23,7,Tuesday,0
20110608,2011-06-08,2011,Q2,6,June,2011-06,23,8,Wednesday,0
20110609,2011-06-09,2011,Q2,6,June,2011-06,23,9,Thursday,0
20110610,2011-06-10,2011,Q2,6,June,2011-06,23,10,Friday,0
20110611,2011-06-11,2011,Q2,6,June,2011-06,23,11,Saturday,1
20110612,2011-06-12,2011,Q2,6,June,2011-06,23,12,Sunday,1
20110613,2011-06-13,2011,Q2,6,June,2011-06,24,13,Monday,0
20110614,2011-06-14,2011,Q2,6,June,2011-06,24,14,Tuesday,0
20110615,2011-06-15,2011,Q2,6,June,2011-06,24,15,Wednesday,0
20110616,2011-06-16,2011,Q2,6,June,2011-06,24,16,Thursday,0
20110617,2011-06-17,2011,Q2,6,June,2011-06,24,17,Friday,0
20110618,2011-06-18,2011,Q2,6,June,2011-06,24,18,Saturday,1
20110619,2011-06-19,2011,Q2,6,June,2011-06,24,19,Sunday,1
20110620,2011-06-20,2011,Q2,6,June,2011-06,25,20,Monday,0
20110621,2011-06-21,2011,Q2,6,June,2011-06,25,21,Tuesday,0
20110622,2011-06-22,2011,Q2,6,June,2011-06,25,22,Wednesday,0
20110623,2011-06-23,2011,Q2,6,June,2011-06,25,23,Thursday,0
20110624,2011-06-24,2011,Q2,6,June,2011-06,25,24,Friday,0
20110625,2011-06-25,2011,Q2,6,June,2011-06,25,25,Saturday,1
20110626,2011-06-26,2011,Q2,6,June,2011-06,25,26,Sunday,1
20110627,2011-06-27,2011,Q2,6,June,2011-06,26,27,Monday,0
20110628,2011-06-28,2011,Q2,6,June,2011-06,26,28,Tuesday,0
20110629,2011-06-29,2011,Q2,6,June,2011-06,26,29,Wednesday,0
20110630,2011-06-30,2011,Q2,6,June,2011-06,26,30,Thursday,0
20110701,2011-07-01,2011,Q3,7,July,2011-07,26,1,Friday,0
20110702,2011-07-02,2011,Q3,7,July,2011-07,26,2,Saturday,1
20110703,2011-07-03,2011,Q3,7,July,2011-07,26,3,Sunday,1
20110704,2011-07-04,2011,Q3,7,July,2011-07,27,4,Monday,0
20110705,2011-07-05,2011,Q3,7,July,2011-07,27,5,Tuesday,0
20110706,2011-07-06,2011,Q3,7,July,2011-07,27,6,Wednesday,0
20110707,2011-07-07,2011,Q3,7,July,2011-07,27,7,Thursday,0
20110708,2011-07-08,2011,Q3,7,July,2011-07,27,8,Friday,0
20110709,2011-07-09,2011,Q3,7,July,2011-07,27,9,Saturday,1
20110710,2011-07-10,2011,Q3,7,July,2011-07,27,10,Sunday,1
20110711,2011-07-11,2011,Q3,7,July,2011-07,28,11,Monday,0
20110712,2011-07-12,2011,Q3,7,July,2011-07,28,12,Tuesday,0
20110713,2011-07-13,2011,Q3,7,July,2011-07,28,13,Wednesday,0
20110714,2011-07-14,2011,Q3,7,July,2011-07,28,14,Thursday,0
20110715,2011-07-15,2011,Q3,7,July,2011-07,28,15,Friday,0
20110716,2011-07-16,2011,Q3,7,July,2011-07,28,16,Saturday,1
20110717,2011-07-17,2011,Q3,7,July,2011-07,28,17,Sunday,1
20110718,2011-07-18,2011,Q3,7,July,2011-07,29,18,Monday,0
20110719,2011-07-19,2011,Q3,7,July,2011-07,29,19,Tuesday,0
20110720,2011-07-20,2011,Q3,7,July,2011-07,29,20,Wednesday,0
20110721,2011-07-21,2011,Q3,7,July,2011-07,29,21,Thursday,0
20110722,2011-07-22,2011,Q3,7,July,2011-07,29,22,Friday,0
20110723,2011-07-23,2011,Q3,7,July,2011-07,29,23,Saturday,1
20110724,2011-07-24,2011,Q3,7,July,2011-07,29,24,Sunday,1
20110725,2011-07-25,2011,Q3,7,July,2011-07,30,25,Monday,0
20110726,2011-07-26,2011,Q3,7,July,2011-07,30,26,Tuesday,0
20110727,2011-07-27,2011,Q3,7,July,2011-07,30,27,Wednesday,0
20110728,2011-07-28,2011,Q3,7,July,2011-07,30,28,Thursday,0
20110729,2011-07-29,2011,Q3,7,July,2011-07,30,29,Friday,0
20110730,2011-07-30,2011,Q3,7,July,2011-07,30,30,Saturday,1
20110731,2011-07-31,2011,Q3,7,July,2011-07,30,31,Sunday,1
20110801,2011-08-01,2011,Q3,8,August,2011-08,31,1,Monday,0
20110802,2011-08-02,2011,Q3,8,August,2011-08,31,2,Tuesday,0
20110803,2011-08-03,2011,Q3,8,August,2011-08,31,3,Wednesday,0
20110804,2011-08-04,2011,Q3,8,August,2011-08,31,4,Thursday,0
20110805,2011-08-05,2011,Q3,8,August,2011-08,31,5,Friday,0
20110806,2011-08-06,2011,Q3,8,August,2011-08,31,6,Saturday,1
20110807,2011-08-07,2011,Q3,8,August,2011-08,31,7,Sunday,1
20110808,2011-08-08,2011,Q3,8,August,2011-08,32,8,Monday,0
20110809,2011-08-09,2011,Q3,8,August,2011-08,32,9,Tuesday,0
20110810,2011-08-10,2011,Q3,8,August,2011-08,32,10,Wednesday,0
20110811,2011-08-11,2011,Q3,8,August,2011-08,32,11,Thursday,0
20110812,2011-08-12,2011,Q3,8,August,2011-08,32,12,Friday,0
20110813,2011-08-13,2011,Q3,8,August,2011-08,32,13,Saturday,1
20110814,2011-08-14,2011,Q3,8,August,2011-08,32,14,Sunday,1
20110815,2011-08-15,2011,Q3,8,August,2011-08,33,15,Monday,0
20110816,2011-08-16,2011,Q3,8,August,2011-08,33,16,Tuesday,0
20110817,2011-08-17,2011,Q3,8,August,2011-08,33,17,Wednesday,0
20110818,2011-08-18,2011,Q3,8,August,2011-08,33,18,Thursday,0
20110819,2011-08-19,2011,Q3,8,August,2011-08,33,19,Friday,0
20110820,2011-08-20,2011,Q3,8,August,2011-08,33,20,Saturday,1
20110821,2011-08-21,2011,Q3,8,August,2011-08,33,21,Sunday,1
20110822,2011-08-22,2011,Q3,8,August,2011-08,34,22,Monday,0
20110823,2011-08-23,2011,Q3,8,August,2011-08,34,23,Tuesday,0
20110824,2011-08-24,2011,Q3,8,August,2011-08,34,24,Wednesday,0
20110825,2011-08-25,2011,Q3,8,August,2011-08,34,25,Thursday,0
20110826,2011-08-26,2011,Q3,8,August,2011-08,34,26,Friday,0
20110827,2011-08-27,2011,Q3,8,August,2011-08,34,27,Saturday,1
20110828,2011-08-28,2011,Q3,8,August,2011-08,34,28,Sunday,1
20110829,2011-08-29,2011,Q3,8,August,2011-08,35,29,Monday,0
20110830,2011-08-30,2011,Q3,8,August,2011-08,35,30,Tuesday,0
20110831,2011-08-31,2011,Q3,8,August,2011-08,35,31,Wednesday,0
20110901,2011-09-01,2011,Q3,9,September,2011-09,35,1,Thursday,0
20110902,2011-09-02,2011,Q3,9,September,2011-09,35,2,Friday,0
20110903,2011-09-03,2011,Q3,9,September,2011-09,35,3,Saturday,1
20110904,2011-09-04,2011,Q3,9,September,2011-09,35,4,Sunday,1
20110905,2011-09-05,2011,Q3,9,September,2011-09,36,5,Monday,0
20110906,2011-09-06,2011,Q3,9,September,2011-09,36,6,Tuesday,0
20110907,2011-09-07,2011,Q3,9,September,2011-09,36,7,Wednesday,0
20110908,2011-09-08,2011,Q3,9,September,2011-09,36,8,Thursday,0
20110909,2011-09-09,2011,Q3,9,September,2011-09,36,9,Friday,0
20110910,2011-09-10,2011,Q3,9,September,2011-09,36,10,Saturday,1
20110911,2011-09-11,2011,Q3,9,September,2011-09,36,11,Sunday,1
20110912,2011-09-12,2011,Q3,9,September,2011-09,37,12,Monday,0
20110913,2011-09-13,2011,Q3,9,September,2011-09,37,13,Tuesday,0
20110914,2011-09-14,2011,Q3,9,September,2011-09,37,14,Wednesday,0
20110915,2011-09-15,2011,Q3,9,September,2011-09,37,15,Thursday,0
20110916,2011-09-16,2011,Q3,9,September,2011-09,37,16,Friday,0
20110917,2011-09-17,2011,Q3,9,September,2011-09,37,17,Saturday,1
20110918,2011-09-18,2011,Q3,9,September,2011-09,37,18,Sunday,1
20110919,2011-09-19,2011,Q3,9,September,2011-09,38,19,Monday,0
20110920,2011-09-20,2011,Q3,9,September,2011-09,38,20,Tuesday,0
20110921,2011-09-21,2011,Q3,9,September,2011-09,38,21,Wednesday,0
20110922,2011-09-22,2011,Q3,9,September,2011-09,38,22,Thursday,0
20110923,2011-09-23,2011,Q3,9,September,2011-09,38,23,Friday,0
20110924,2011-09-24,2011,Q3,9,September,2011-09,38,24,Saturday,1
20110925,2011-09-25,2011,Q3,9,September,2011-09,38,25,Sunday,1
20110926,2011-09-26,2011,Q3,9,September,2011-09,39,26,Monday,0
20110927,2011-09-27,2011,Q3,9,September,2011-09,39,27,Tuesday,0
20110928,2011-09-28,2011,Q3,9,September,2011-09,39,28,Wednesday,0
20110929,2011-09-29,2011,Q3,9,September,2011-09,39,29,Thursday,0
20110930,2011-09-30,2011,Q3,9,September,2011-09,39,30,Friday,0
20111001,2011-10-01,2011,Q4,10,October,2011-10,39,1,Saturday,1
20111002,2011-10-02,2011,Q4,10,October,2011-10,39,2,Sunday,1
20111003,2011-10-03,2011,Q4,10,October,2011-10,40,3,Monday,0
20111004,2011-10-04,2011,Q4,10,October,2011-10,40,4,Tuesday,0
20111005,2011-10-05,2011,Q4,10,October,2011-10,40,5,Wednesday,0
20111006,2011-10-06,2011,Q4,10,October,2011-10,40,6,Thursday,0
20111007,2011-10-07,2011,Q4,10,October,2011-10,40,7,Friday,0
20111008,2011-10-08,2011,Q4,10,October,2011-10,40,8,Saturday,1
20111009,2011-10-09,2011,Q4,10,October,2011-10,40,9,Sunday,1
20111010,2011-10-10,2011,Q4,10,October,2011-10,41,10,Monday,0
20111011,2011-10-11,2011,Q4,10,October,2011-10,41,11,Tuesday,0
20111012,2011-10-12,2011,Q4,10,October,2011-10,41,12,Wednesday,0
20111013,2011-10-13,2011,Q4,10,October,2011-10,41,13,Thursday,0
20111014,2011-10-14,2011,Q4,10,October,2011-10,41,14,Friday,0
20111015,2011-10-15,2011,Q4,10,October,2011-10,41,15,Saturday,1
20111016,2011-10-16,2011,Q4,10,October,2011-10,41,16,Sunday,1
20111017,2011-10-17,2011,Q4,10,October,2011-10,42,17,Monday,0
20111018,2011-10-18,2011,Q4,10,October,2011-10,42,18,Tuesday,0
20111019,2011-10-19,2011,Q4,10,October,2011-10,42,19,Wednesday,0
20111020,2011-10-20,2011,Q4,10,October,2011-10,42,20,Thursday,0
20111021,2011-10-21,2011,Q4,10,October,2011-10,42,21,Friday,0
20111022,2011-10-22,2011,Q4,10,October,2011-10,42,22,Saturday,1
20111023,2011-10-23,2011,Q4,10,October,2011-10,42,23,Sunday,1
20111024,2011-10-24,2011,Q4,10,October,2011-10,43,24,Monday,0
20111025,2011-10-25,2011,Q4,10,October,2011-10,43,25,Tuesday,0
20111026,2011-10-26,2011,Q4,10,October,2011-10,43,26,Wednesday,0
20111027,2011-10-27,2011,Q4,10,October,2011-10,43,27,Thursday,0
20111028,2011-10-28,2011,Q4,10,October,2011-10,43,28,Friday,0
20111029,2011-10-29,2011,Q4,10,October,2011-10,43,29,Saturday,1
20111030,2011-10-30,2011,Q4,10,October,2011-10,43,30,Sunday,1
20111031,2011-10-31,2011,Q4,10,October,2011-10,44,31,Monday,0
20111101,2011-11-01,2011,Q4,11,November,2011-11,44,1,Tuesday,0
20111102,2011-11-02,2011,Q4,11,November,2011-11,44,2,Wednesday,0
20111103,2011-11-03,2011,Q4,11,November,2011-11,44,3,Thursday,0
20111104,2011-11-04,2011,Q4,11,November,2011-11,44,4,Friday,0
20111105,2011-11-05,2011,Q4,11,November,2011-11,44,5,Saturday,1
20111106,2011-11-06,2011,Q4,11,November,2011-11,44,6,Sunday,1
20111107,2011-11-07,2011,Q4,11,November,2011-11,45,7,Monday,0
20111108,2011-11-08,2011,Q4,11,November,2011-11,45,8,Tuesday,0
20111109,2011-11-09,2011,Q4,11,November,2011-11,45,9,Wednesday,0
20111110,2011-11-10,2011,Q4,11,November,2011-11,45,10,Thursday,0
20111111,2011-11-11,2011,Q4,11,November,2011-11,45,11,Friday,0
20111112,2011-11-12,2011,Q4,11,November,2011-11,45,12,Saturday,1
20111113,2011-11-13,2011,Q4,11,November,2011-11,45,13,Sunday,1
20111114,2011-11-14,2011,Q4,11,November,2011-11,46,14,Monday,0
20111115,2011-11-15,2011,Q4,11,November,2011-11,46,15,Tuesday,0
20111116,2011-11-16,2011,Q4,11,November,2011-11,46,16,Wednesday,0
20111117,2011-11-17,2011,Q4,11,November,2011-11,46,17,Thursday,0
20111118,2011-11-18,2011,Q4,11,November,2011-11,46,18,Friday,0
20111119,2011-11-19,2011,Q4,11,November,2011-11,46,19,Saturday,1
20111120,2011-11-20,2011,Q4,11,November,2011-11,46,20,Sunday,1
20111121,2011-11-21,2011,Q4,11,November,2011-11,47,21,Monday,0
20111122,2011-11-22,2011,Q4,11,November,2011-11,47,22,Tuesday,0
20111123,2011-11-23,2011,Q4,11,November,2011-11,47,23,Wednesday,0
20111124,2011-11-24,2011,Q4,11,November,2011-11,47,24,Thursday,0
20111125,2011-11-25,2011,Q4,11,November,2011-11,47,25,Friday,0
20111126,2011-11-26,2011,Q4,11,November,2011-11,47,26,Saturday,1
20111127,2011-11-27,2011,Q4,11,November,2011-11,47,27,Sunday,1
20111128,2011-11-28,2011,Q4,11,November,2011-11,48,28,Monday,0
20111129,2011-11-29,2011,Q4,11,November,2011-11,48,29,Tuesday,0
20111130,2011-11-30,2011,Q4,11,November,2011-11,48,30,Wednesday,0
